# 词 	 拼音 	 题型 	 词源 	 释义 	 释义来源 	 例句 	 例句出处 	 课本里出现次数
青蒿	qīng hāo	写	词典	菊科二年生草本植物。叶互生，细裂如丝，有特殊气味。茎、叶可入药。嫩者可食	新华	研究的转折点出现在{青蒿}上	青蒿素：人类征服疾病的一小步	56
青蒿素	qīng hāo sù	写	词典			后来我们将其命名为“{青蒿素}”。	青蒿素：人类征服疾病的一小步	42
琵琶	pí pá	写	词典			忽闻水上{琵琶}声，主人忘归客不发。	琵琶行并序	27
刽子	guì zi	写	词典	执行死刑的人	新华	（{刽子}云）婆子靠后。	窦娥冤（节选）	18
箜篌	kōng hóu	写	词典	古代拨弦乐器名。有竖式和卧式两种	新华	十四能裁衣，十五弹{箜篌}	孔雀东南飞并序	17
橐驼	tuó tuó	写	词典	即骆驼	新华	郭{橐驼}，不知始何名。	种树郭橐驼传	13
樊哙	fán kuài	都考	课本	刘邦的部下	课本	于是张良至军门见{樊哙}。	鸿门宴	12
陛下	bì xià	写	词典	对君主的尊称	新华	此数宝者，秦不生一焉，而{陛下}说之，何也？	谏逐客书	11
芣苢	fú yǐ	写	词典			采采{芣苢}，薄言采之。	芣苢	10
庖丁	páo dīng	写	词典	厨师	新华	吾闻{庖丁}之言，得养生焉。”	庖丁解牛	9
桅杆	wéi gān	写	词典	见桅竿；轮船上悬挂信号、装设天线、支撑观测台的高杆	新华	他终于放下{桅杆}，站了起来。	老人与海（节选）	9
猪猡	zhū luó	写	词典	方言。猪；詈词	新华	还躺着，{猪猡}！”	包身工	9
窈窕	yǎo tiǎo	写	词典	幽深的样子	课本	既{窈窕}以寻壑，亦崎岖而经丘。	归去来兮辞并序	9
融为一体	róng wéi yī tǐ	读	成语	融合为整体。比喻几种事物关系密切，配合自然，如同一个整体	成语	有一体之治，故能出号令，明宪法矣。	《管子·七法》	9
袅袅	niǎo niǎo	写	词典	形容声音婉转悠长	课本	其声呜呜然，如怨如慕，如泣如诉，余音{袅袅}，不绝如缕。	赤壁赋	9
呦呦	yōu yōu	写	词典	拟声词呦呦鹿鸣｜呦呦有声｜呦呦地哭了	新华	{呦呦}鹿鸣，食野之苹。	短歌行	8
唢呐	suǒ nà	写	词典	波斯语surn?的译音。或译为苏尔奈、琐?、唢拿、唆呐、锁呐。簧管乐器	新华	那一伙人来了，两个吹{唢呐}的	边城（节选）	8
商鞅	shāng yāng	写	词典	公孙氏，名鞅，卫国人，战国时政治家	课本	孝公用{商鞅}之法，移风易俗	谏逐客书	8
字里行间	zì lǐ háng jiān	读	成语	指文章的某种思想感情没有直接说出而是通过全篇或全段文字透露出来	成语	垂示三首，风云吐于行间，珠玉生于字里。	《答新渝侯和诗书》	8
札记	zhá jì	写	词典	文体名。指读书时摘记要点、心得或随时记录所闻所见的文字	新华	写一则语言{札记}。	第八单元	8
朱熹	zhū xī	写	词典			比如宋朝的{朱熹}，他曾经给《论语》做过注解	第八单元	8
笺注	jiān zhù	写	词典			虽然被誉为“不见有斧凿痕”（宋李公焕《{笺注}陶渊明集》引李格非评语）	石钟山记	8
阏氏	è shì	写	词典	匈奴单于正妻的称号	课本	后月余，单于出猎，独{阏氏}子弟在。	苏武传	8
归去来兮	guī qù lái xī	写	成语	归返回。回去吧。指归隐乡里	成语	{归去来兮}，请息交以绝游。	归去来兮辞并序	7
俨然	yǎn rán	写	词典	严肃庄重的样子；引申为一本正经、煞有介事的样子	新华	循陵而走，见蹲石鳞鳞，{俨然}类画。	促织	6
兴高采烈	xìng gāo cǎi liè	读	成语	兴原指志趣，后指兴致；采原指神采，后指精神；烈旺盛	成语	步夜俊侠，故兴高而采烈。	《文心雕龙·体性》	6
奄奄	yǎn yǎn	写	词典	暗沉沉的	课本	{奄奄}黄昏后，寂寂人定初。	孔雀东南飞并序	6
彘肩	zhì jiān	写	词典	猪的前腿根部	课本	项王曰：“赐之{彘肩}。”	鸿门宴	6
流觞	liú shāng	写	词典	把盛酒的杯浮在水面从上游放出，循曲水而下，流到谁的面前，谁就取来饮用	课本	此地有崇山峻岭，茂林修竹，又有清流激湍，映带左右，引以为{流觞}曲水，列坐其次。	兰亭集序	6
瀛洲	yíng zhōu	写	词典	古代传说中的东海三座仙山之一，另两座叫蓬莱、方丈	课本	海客谈{瀛洲}，烟涛微茫信难求；越人语天姥，云霞明灭或可睹。	梦游天姥吟留别	6
窸窣	xī sū	写	词典			杨树林窸{窸窣}窣地响着	哦，香雪	6
立身处世	lì shēn chǔ shì	读	成语	立身做人；处世在社会上活动，与人交往。指人在社会上待人接物的种种活动	成语	夫乾坤覆载，以人为贵；{立身处世}，以礼仪为本。	《沙弥十戒法并威仪序》	6
纳谏	nà jiàn	写	词典	接受规劝。多指君主接受臣下进谏；向君主进谏	新华	《邹忌讽齐王{纳谏}》展现了政论中的推理	二运用有效的推理形式	6
虞候	yú hòu	写	词典	古官名。守望山泽之官；古官名	新华	陆{虞候}叫声：“饶命！”	林教头风雪山神庙	6
虫豸	chóng zhì	写	词典			我是{虫豸}——还不放么？”	阿Q正传（节选）	6
踌躇	chóu chú	写	词典	①犹豫，迟疑不决踌躇地呆坐了很久。②徘徊不进踌躇不前	新华	提刀而立，为之四顾，为之{踌躇}满志，善刀而藏之。”	庖丁解牛	6
须臾	xū yú	写	词典			极天云一线异色，{须臾}成五采。	登泰山记	6
中厩	zhōng jiù	写	词典	亦作中廻；宫中的车马房	新华	稍迁至栘{中厩}监。	苏武传	5
令尹	lìng yǐn	写	词典	县令、府尹	课本	{令尹}子兰，兵挫地削	屈原列传	5
嘈杂	cáo zá	写	词典			{嘈杂}市井升腾起熟悉的烟火气	在民族复兴的历史丰碑上	5
尸骸	shī hái	写	词典	尸骨；尸体不见长城下，尸骸相支拄｜家贫无钱，尸骸暴野	新华	有她自己的{尸骸}为证	记念刘和珍君	5
庖丁解牛	páo dīng jiě niú	写	成语	庖丁厨工；解肢解分割	成语	庖丁为文惠君解牛，手之所触，肩之所倚，足之所履，膝之所踦，砉然响然，奏刀騞然，莫不中音。	《庄子·养生主》	5
形骸	xíng hái	写	词典	人的躯体或因寄所托，放浪形骸之外	新华	或取诸怀抱，悟言一室之内；或因寄所托，放浪{形骸}之外。	兰亭集序	5
彷徨	páng huáng	写	词典			惟{彷徨}瞻顾，寻所逐者。	促织	5
恻隐之心	cè yǐn zhī xīn	写	成语	恻隐对别人的不幸表示同情。形容对人寄予同情	成语	皆有怵惕{恻隐之心}	人皆有不忍人之心	5
斜睨	xié nì	写	词典	斜视	新华	她一动不动地站着，{斜睨}的目光盯住他不放。	复活（节选）	5
汲取	jí qǔ	写	词典	吸取～经验ㄧ～营养	新华	它{汲取}雨中的生命就像果园里的黑鹂雨停歇。	树和天空	5
狼居胥	láng jū xū	写	词典	山名『元狩四年(公元前119年)霍去病出代郡塞击败匈奴，封狼居胥山	新华	元嘉草草，封{狼居胥}，赢得仓皇北顾。	永遇乐·京口北固亭怀古	5
皎洁	jiǎo jié	写	词典	（月亮等）明亮而洁白	新华	我连那一轮{皎洁}的月亮，也憎恶起来了。	百合花	5
睿智	ruì zhì	写	词典	亦作睿知；聪慧;明智	新华	{睿智}犀利而又妙趣横生。	上图书馆	5
磐石	pán shí	写	词典	厚而大的石头	课本	君当作{磐石}，妾当作蒲苇，蒲苇纫如丝，磐石无转移。	孔雀东南飞并序	5
纷纭	fēn yún	写	词典	（言论、事情等）多而杂乱头绪～ㄧ众说～，莫衷一是	新华	新妇谓府吏：“勿复重{纷纭}。	孔雀东南飞并序	5
编纂	biān zuǎn	写	词典	编辑（多指资料较多、篇幅较大的著作）～词典ㄧ～百科全书	新华	基佐以及1850年以前英国所有的历史{编纂}学家则表明	社会历史的决定性基础	5
缜密	zhěn mì	写	词典	细致;周密	新华	可以使思维更{缜密}	第四单元	5
羞恶	xiū wù	读	课本	对自身的不善感到羞耻，对他人的不善感到憎恶	课本	恻隐之心，仁之端也；{羞恶}之心，义之端也；辞让之心，礼之端也；是非之心，智之端也。	人皆有不忍人之心	5
肺腑	fèi fǔ	写	词典			倘若没有发自{肺腑}	以工匠精神雕琢时代品质	5
舞雩	wǔ yú	写	词典	古代求雨时举行的伴有乐舞的祭祀；指舞雩台	新华	曰：“莫春者，春服既成，冠者五六人，童子六七人，浴乎沂，风乎{舞雩}，咏而归。”	子路、曾皙、冉有、公西华侍坐	5
芍药	sháo yào	写	词典	双子叶植物，芍药科。多年生草本。羽状复叶。花大，粉红、紫红、黄、白等色，有芳香	新华	中药提取的{芍药}苷等被用于防止经皮冠状动脉介入治疗后的血管再狭窄，临床显示再狭窄率大幅降低。	青蒿素：人类征服疾病的一小步	5
褴褛	lán lǚ	写	词典	亦作?褛。亦作?缕；形容衣服破烂	新华	我的穿着变得更加{褴褛}了	大卫·科波菲尔（节选）	5
诠释	quán shì	写	词典			{诠释}了伟大抗疫精神。	第一单元	5
诧异	chà yì	写	词典	惊异令人诧异	新华	几个人{诧异}的对他看。	阿Q正传（节选）	5
谗言	chán yán	写	词典	说坏话毁谤人。亦指坏话，挑拨离间的话	新华	我不喜欢那些背地里进{谗言}的人。”	装在套子里的人	5
跌宕	diē dàng	写	词典			奏响了一篇篇{跌宕}起伏的演化乐章	“探界者”钟扬	5
邯郸	hán dān	写	词典	古地名。今河北省邯郸市。春秋时，卫地，后属晋	新华	洎牧以谗诛，{邯郸}为郡，惜其用武而不终也。	六国论	5
锭子	dìng zi	写	词典	纱锭	新华	{锭子}还不到两万，可是三十年之后	包身工	5
骊山	lí shān	写	词典	在陕西省临潼县东南。因山形似骊马，呈纯青色而得名	新华	{骊山}北构而西折，直走咸阳。	阿房宫赋	5
丞相	chéng xiàng	都考	词典	官名。战国时始设，为百官之长	新华	{丞相}祠堂何处寻？	蜀相	4
于嗟	yú jiē	写	词典	感叹词	课本	{于嗟}鸠兮，无食桑葚！	氓	4
伶仃	líng dīng	写	词典			我的处境这样孤苦{伶仃}，也就对这家人产生了深厚的感情。	大卫·科波菲尔（节选）	4
修禊	xiū xì	都考	课本	古代民俗，于农历三月上旬的巳日（三国魏以后始固定为三月初三）到水边嬉戏，以祓除不祥，称为“修禊”	课本	永和九年，岁在癸丑，暮春之初，会于会稽山阴之兰亭，{修禊}事也。	兰亭集序	4
卮酒	zhī jiǔ	写	词典	犹言杯酒	新华	樊哙曰：“臣死且不避，{卮酒}安足辞！	鸿门宴	4
哗众取宠	huá zhòng qǔ chǒng	读	成语	以浮夸的言论迎合群众，骗取群众的信赖和支持	成语	然惑者既失精微，而辟者又随时扬抑，违离道本，苟以{哗众取宠}。	《汉书·艺文志》	4
啾啾	jiū jiū	写	词典	象声词，形容许多小鸟一齐叫的声音。也形容凄厉的叫声	新华	这{啾啾}声可把格里高尔搞得晕头转向。	变形记（节选）	4
喽啰	lóu luō	写	词典	亦作喽罗；伶俐能干;有本领	新华	真像个山上的{喽啰}！”	边城（节选）	4
嗟乎	jiē hū	写	词典	亦作嗟呼。亦作嗟虖；叹词。表示感叹	新华	陵见其至诚，喟然叹曰：“{嗟乎}，义士！	苏武传	4
噌吰	chēng hóng	都考	课本	形容钟鼓的声音	课本	与向之{噌吰}者相应	石钟山记	4
垣墙	yuán qiáng	写	词典	用作动词，砌上垣墙	课本	前辟四窗，{垣墙}周庭，以当南日，日影反照，室始洞然。	项脊轩志	4
奎宁	kuí níng	写	词典	药名。是从金鸡纳树等植物的皮中提制出来的白色结晶或无定形粉末，有苦味	新华	休克、{奎宁}、吗啡	第八单元	4
妞儿	niū er	写	词典	女儿;女孩子	新华	这大概就是她的小{妞儿}。	党费	4
姜夔	jiāng kuí	写	词典					4
孰与	shú yǔ	写	词典	何如。两者相比，择其一从天而颂之，孰与制天命而用?	新华	沛公曰：“{孰与}君少长？”	鸿门宴	4
寒暄	hán xuān	写	词典			{寒暄}之后，就赔罪	祝福	4
峥嵘	zhēng róng	写	词典	不平凡、不寻常	课本	忆往昔{峥嵘}岁月稠。	沁园春·长沙	4
张岱	zhāng dài	写	词典					4
怅然	chàng rán	写	词典			{怅然}遥相望，知是故人来。	孔雀东南飞并序	4
扣舷	kòu xián	写	词典	敲着船边，指打着节拍	课本	{扣舷}独啸，不知今夕何夕！	念奴娇·过洞庭	4
曹禺	cáo yú	写	词典					4
桑葚	sāng shèn	都考	词典	桑树的果实。味甜可食。中医亦以入药	新华	于嗟鸠兮，无食{桑葚}！	氓	4
毡笠	zhān lì	写	词典	亦作毡笠；毡制的笠帽	新华	取{毡笠}子戴上，拿了钥匙	林教头风雪山神庙	4
洴澼	píng pì	写	词典	漂洗	课本	宋人有善为不龟手之药者，世世以{洴澼}絖为事。	五石之瓠	4
深邃	shēn suì	写	词典	①幽深庭院深邃｜深邃的林子。②精深；深奥深邃的哲理｜文字深邃。③深沉深邃的目光	新华	{深邃}的思想、多样的人生	第三单元	4
烽火	fēng huǒ	写	词典	①古时边防报警点的烟火。②比喻战火或战争～连天	新华	四十三年，望中犹记，{烽火}扬州路。	永遇乐·京口北固亭怀古	4
玳瑁	dài mào	写	词典			足下蹑丝履，头上{玳瑁}光。	孔雀东南飞并序	4
白芷	bái zhǐ	写	词典	伞形科。多年生草本。根粗大，圆锥形。叶卵圆形至三角形。花白色。果实椭圆形	新华			4
盘桓	pán huán	写	词典	犹疑不决的样子	课本	景翳翳以将入，抚孤松而{盘桓}。	归去来兮辞并序	4
直抒胸臆	zhí shū xiōng yì	写	成语	胸臆胸腔，内心，引申为心意。直率地抒发自己的思想感情	成语	第十回杜公七律，正以其负力之大，寄悰之深，能{直抒胸臆}，广酬事物之变而无碍。	《唐音癸签》	4
窸窸窣窣	xī xī sū sū	写	词典			杨树林{窸窸窣窣}地响着	哦，香雪	4
籼稻	xiān dào	写	词典	粳稻之早熟者	新华	被评为全国优质{籼稻}米。	喜看稻菽千重浪	4
粽子	zòng zi	写	词典	汉、布依等族的端午节食品。相传是为了纪念屈原	新华	它既有划龙舟、吃{粽子}等活动	第四单元	4
纨素	wán sù	写	词典	洁白精致的绢	课本	腰若流{纨素}，耳著明月珰。	孔雀东南飞并序	4
罗睺	luó hóu	写	词典			今年是{罗睺}星照运，要谨防戴孝的冲了运气，因此哪里也不敢去，谁知躲也躲不过。	小二黑结婚（节选）	4
胭脂	yān zhī	写	词典			俯拾皆是：有的红如{胭脂}	一个消逝了的山村	4
自力更生	zì lì gēng shēng	读	成语	更生再次获得生命，比喻振兴起来	成语	我们人民能以{自力更生}的方式强起来了。	《组织民众与保卫大西南》	4
苌弘	cháng hóng	都考	课本	周敬王时的大夫，孔子曾向他请教过音乐方面的事情	课本	孔子师郯子、{苌弘}、师襄、老聃。	师说	4
萦绕	yíng rào	写	词典			父亲昨夜伟大3□3的谈话还{萦绕}在耳旁。	第八单元	4
诏书	zhào shū	写	词典	皇帝颁发的命令	新华	{诏书}特下，拜臣郎中，寻蒙国恩，除臣洗马。	陈情表	4
豆蔻	dòu kòu	写	词典			纵{豆蔻}词工，青楼梦好，难赋深情。	扬州慢	4
踌蹰	chóu chú	写	词典	见踌躇	新华	我在极短期的{踌蹰}中	祝福	4
踯躅	zhí zhú	写	词典	徘徊不前，这里是“缓慢地走”的意思	课本	金车玉作轮，{踯躅}青骢马，流苏金镂鞍。	孔雀东南飞并序	4
邦彦	bāng yàn	写	词典	指国家的优秀人才	新华	所谓“午阴嘉树清圆”（周{邦彦}《满庭芳》）	说“木叶”	4
郦元	lì yuán	写	词典	即郦道元	课本	{郦元}之所见闻，殆与余同	石钟山记	4
郯子	tán zi	都考	课本	春秋时郯国（今山东郯城一带）的国君，孔子曾向他请教官职的名称	课本	{郯子}之徒，其贤不及孔子。	师说	4
采撷	cǎi xié	写	词典			或令人开怀……试着从中{采撷}一二	百年孤独（节选）	4
镗鞳	tāng tà	写	词典	钟鼓声	课本	与风水相吞吐，有窾坎{镗鞳}之声	石钟山记	4
隽永	juàn yǒng	写	词典			意味{隽永}，风格百变	《红楼梦》	4
雍州	yōng zhōu	写	词典	在今陕西中部北部、甘肃、青海的东南部和宁夏一带	课本	秦孝公据崤函之固，拥{雍州}之地	过秦论	4
饥馑	jī jǐn	写	词典			因之以{饥馑}；由也为之	子路、曾皙、冉有、公西华侍坐	4
黄门驸马	huáng mén fù mǎ	写	词典			宦骑与{黄门驸马}争船	苏武传	4
黍离	shǔ lí	写	词典	本为《诗．王风》中的篇名。《诗．王风．黍离序》﹕《黍离》，闵宗周也	新华	千岩老人以为有{黍离}之悲也。	扬州慢	4
龙子幡	lóng zi fān	写	词典	绣花的旗帜	课本	青雀白鹄舫，四角{龙子幡}，婀娜随风转。	孔雀东南飞并序	4
一篑	yī kuì	写	词典	一筐。篑，盛土竹器	新华	譬如平地，虽覆{一篑}，进，吾往也。”	《论语》十二章	3
丁令	dīng líng	读	课本	即丁灵，匈奴族的一支	课本	其冬，{丁令}盗武牛羊，武复穷厄。	苏武传	3
不啻	bù chì	写	词典			大喜，笼归，举家庆贺，虽连城拱璧{不啻}也。	促织	3
不量	bù liáng	读	课本	意思是欠考虑	课本	而某{不量}敌之众寡	答司马谏议书	3
东曦	dōng xī	写	词典	指日神东君	课本	{东曦}既驾，僵卧长愁。	促织	3
东皋	dōng gāo	写	词典	水边向阳的高地	课本	登{东皋}以舒啸，临清流而赋诗。	归去来兮辞并序	3
久别重逢	jiǔ bié chóng féng	读	成语	指朋友或亲人在长久分别之后再次见面	成语	第三回多年不见了，说了几句{久别重逢}的话，招呼大家坐下，书僮送上茶来。	《孽海花》	3
亨利	hēng lì	写	词典	电感单位，电路中电流强度1秒钟内的变化为1安培、产生的电动势为1伏特时，电感就是1亨利	新华	——托马斯·{亨利}·赫胥黎宇宙现在是这样，过去是这样，将来也永远是这样。	宇宙的边疆	3
伶俜	líng pīng	写	词典	孤单的样子	课本	昼夜勤作息，{伶俜}萦苦辛。	孔雀东南飞并序	3
余音袅袅	yú yīn niǎo niǎo	写	成语	形容音乐悦耳动听，令人沉醉	成语	其声呜呜然，如怨如慕，如泣如诉，{余音袅袅}，不绝如缕。	赤壁赋	3
佛狸祠	bì lí cí	读	课本	北魏太武帝拓跋焘（408—452）小名“佛狸”	课本	可堪回首，{佛狸祠}下，一片神鸦社鼓。	永遇乐·京口北固亭怀古	3
侘傺	chà chì	写	词典	失意的样子	课本	忳郁邑余{侘傺}兮，吾独穷困乎此时也。	离骚（节选）	3
修姱	xiū kuā	写	词典	洁美	新华	余虽好{修姱}以鞿羁兮，謇朝谇而夕替。	离骚（节选）	3
偕老	xié lǎo	写	词典	共同生活到老。常特指夫妻相偕到老；借指夫妇	新华	及尔{偕老}，老使我怨。	氓	3
兀的	wù de	写	词典	也作兀底	新华	天那，{兀的}不痛杀我也！	窦娥冤（节选）	3
先妣	xiān bǐ	写	词典	亡母；先祖之母	新华	室西连于中闺，{先妣}尝一至。	项脊轩志	3
六幺	liù yāo	写	词典	见六幺令	新华	轻拢慢捻抹复挑，初为《霓裳》后《{六幺}》。	琵琶行并序	3
兰若	lán rě	读	课本	寺庙，梵语“阿兰若”的省称	课本	拾视之，非字而画：中绘殿阁，类{兰若}。	促织	3
出仕	chū shì	写	词典	出来做官	新华			3
击瓮叩缶	jī wèng kòu fǒu	都考	课本	敲击瓮、缶来奏乐	课本	夫{击瓮叩缶}，弹筝搏髀	谏逐客书	3
千乘之国	qiān shèng zhī guó	读	课本	有一千辆兵车的诸侯国	课本	“{千乘之国}，摄乎大国之间	子路、曾皙、冉有、公西华侍坐	3
吝啬	lìn sè	写	词典			我只想鼓吹我们再{吝啬}一点，“送去”之外，还得“拿来”，是为“拿来主义”。	拿来主义	3
周瑜	zhōu yú	写	词典					3
周髀	zhōu bì	写	词典	即盖天。我国古代一种天体学说，谓天象无柄的伞，地象无盖的盘子	新华	与宣夜说相比，盖天说有其经典流布于世，那就是《{周髀}算经》。	天文学上的旷世之争	3
咀嚼	jǔ jué	写	词典			还要反复涵泳{咀嚼}	第七单元	3
和之	hè zhī	读	课本	（用箫）随着歌声伴奏	课本	客有吹洞箫者，倚歌而{和之}。	赤壁赋	3
哀郢	āi yǐng	写	词典	《楚辞·九章》篇名。战国楚人屈原作。郢为楚国首都	新华	太史公曰：“余读《离骚》《天问》《招魂》《{哀郢}》，悲其志。	屈原列传	3
嗟夫	jiē fū	写	词典	犹嗟乎	新华			3
嘈嘈	cáo cáo	写	词典	形容声音沉重舒长	课本	大弦{嘈嘈}如急雨，小弦切切如私语。	琵琶行并序	3
奉诏	fèng zhào	写	词典	接受皇帝的命令；犹称旨	新华	臣欲{奉诏}奔驰，则刘病日笃；欲苟顺私情，则告诉不许：臣之进退，实为狼狈。	陈情表	3
如晤	rú wù	写	词典	如同见面，旧时书信用语	课本	意映卿卿{如晤}，吾今以此书与汝永别矣！	与妻书	3
姚鼐	yáo nài	写	词典					3
嬉戏	xī xì	写	词典	游戏;玩乐	新华	初七及下九，{嬉戏}莫相忘。”	孔雀东南飞并序	3
子衿	zi jīn	写	词典	《诗·郑风》篇名。《诗序》以为刺学校废，谓乱世则学校不修焉	新华	青青{子衿}，悠悠我心。	短歌行	3
孙膑	sūn bìn	写	词典	战国中期军事家。齐国阿(今山东阳谷东北)人。孙武后裔	新华	吴起、{孙膑}、带佗	过秦论	3
孟陬	mèng zōu	写	词典	孟春正月，是寅月，正月为陬	课本	摄提贞于{孟陬}兮，惟庚寅吾以降。	离骚（节选）	3
尽心尽力	jìn xīn jìn lì	读	成语	指费尽心力	成语	且受遇先帝，绸缪缱绻，并志竭忠贞，{尽心尽力}，归诚陛下，以报先帝。	《晋书·王坦之传》	3
崤函	xiáo hán	都考	课本	崤山和函谷关	课本	秦孝公据{崤函}之固	过秦论	3
崤山	xiáo shān	写	词典	在函谷关的东边	课本			3
幽壑	yōu hè	写	词典	深谷	课本	舞{幽壑}之潜蛟，泣孤舟之嫠妇。	赤壁赋	3
庖厨	páo chú	写	词典	厨房	课本	是以君子远{庖厨}也。”	齐桓晋文之事	3
廿四桥	niàn sì qiáo	写	词典	在江苏扬州市境	新华	譬如{廿四桥}的明月	故都的秋	3
异爨	yì cuàn	写	词典	分灶做饭，意思是分家	课本	迨诸父{异爨}，内外多置小门墙，往往而是。	项脊轩志	3
弓弩	gōng nǔ	写	词典	弓和弩。亦指射术；使用弓弩，谓习射	新华	武能网纺缴，檠{弓弩}，於靬王爱之，给其衣食。	苏武传	3
彭殇	péng shāng	写	词典	彭彭祖，古代传说中的长寿之人。殇夭折。指寿命短长固知一死生为虚诞，齐彭殇为妄作	新华	固知一死生为虚诞，齐{彭殇}为妄作。	兰亭集序	3
心扉	xīn fēi	写	词典	指人的内心	新华	敞开{心扉}，追寻理想	第一单元	3
忏悔	chàn huǐ	写	词典	佛教仪式。原为对人坦白自己的过错、求容忍宽恕之意	新华	——女神，在你的祈祷之中，不要忘记替我{忏悔}我的罪孽。	哈姆莱特（节选）	3
忸怩	niǔ ní	写	词典			我是这般{忸怩}不安！	大堰河——我的保姆	3
恍惚	huǎng hū	写	词典			坐起来，心神{恍惚}	我与地坛（节选）	3
惆怅	chóu chàng	写	词典			既自以心为形役，奚{惆怅}而独悲？	归去来兮辞并序	3
惴惴	zhuì zhuì	写	词典	忧惧戒慎貌	新华	将献公堂，{惴惴}恐不当意，思试之斗以觇之。	促织	3
感人肺腑	gǎn rén fèi fǔ	写	成语	使人内心深深感动	成语	轻重缓急，悠扬悦耳，动人心弦，{感人肺腑}。	《喇吧声声》	3
愤懑	fèn mèn	写	词典			哀痛乃至{愤懑}，激发我们对良知的坚守	哈姆莱特（节选）	3
拒谏	jù jiàn	写	词典	拒绝规劝	新华	难壬人，不为{拒谏}。	答司马谏议书	3
拔擢	bá zhuó	写	词典	提拔、擢升	课本	今臣亡国贱俘，至微至陋，过蒙{拔擢}，宠命优渥，岂敢盘桓，有所希冀。	陈情表	3
放浪形骸	fàng làng xíng hái	写	成语	放纵、不受拘束	课本	或取诸怀抱，悟言一室之内；或因寄所托，{放浪形骸}之外。	兰亭集序	3
新发于硎	xīn fā yú xíng	都考	课本	刚从磨刀石上磨出来	课本	是以十九年而刀刃若{新发于硎}。	庖丁解牛	3
旌旗	jīng qí	写	词典			舳舻千里，{旌旗}蔽空	赤壁赋	3
无的放矢	wú dì fàng shǐ	读	成语	的靶心；矢箭。没有目标乱射箭。比喻说话做事没有明确目的，或不切合实际	成语	不是有的放矢，而是{无的放矢}。	改造我们的学习	3
时髦	shí máo	写	词典			杰作常常不像{时髦}读物那么适口，那么富于刺激性。	上图书馆	3
昆邪王	hún yé wáng	读	课本	匈奴的一个亲王，其部落在今甘肃西北部	课本	缑王者，{昆邪王}姊子也，与昆邪王俱降汉，后随浞野侯没胡中。	苏武传	3
服膺	fú yīng	写	词典			凡是经过研究见到无可非议的道理我就拳拳{服膺}。	人应当坚持正义	3
朔风	shuò fēng	写	词典	指北方的音乐；北风，寒风	新华	仍旧迎着{朔风}回来。	林教头风雪山神庙	3
林黛玉	lín dài yù	写	词典	小说《红楼梦》中人物。贾宝玉的表妹。出身衰微的官僚家庭	新华	如贾宝玉在姐妹们都在场时向{林黛玉}使一个眼色	《红楼梦》	3
棘矜	jí jīn	写	词典	戟柄。棘，通戟	新华	中山之君也；锄櫌{棘矜}	过秦论	3
棫阳宫	yù yáng gōng	写	词典	秦昭王时所建的宫殿。始皇九年，夷嫪毐三族，迁太后于此宫。故址在今陕西扶风县东北	新华	前长君为奉车，从至雍{棫阳宫}，扶辇下除，触柱折辕，劾大不敬，伏剑自刎，赐钱二百万以葬。	苏武传	3
樗蒱	chū pú	都考	课本	古代的一种博戏，这里指樗蒱所用的掷具，长形而末端尖锐，立起来像山峰	课本	稍见云中白若{樗蒱}数十立者，山也。	登泰山记	3
水浒传	shuǐ hǔ zhuàn	都考	词典	长篇小说。明代施耐庵作。一说施耐庵作、罗贯中编次	新华	如《{水浒传}》里林冲的故事	变形记（节选）	3
水虞	shuǐ yú	写	词典	古代官名。掌管川泽的政令	新华	方欲发使送武等，会缑王与长{水虞}常等谋反匈奴中。	苏武传	3
水门汀	shuǐ mén tīng	写	词典	英语cement的译音。水泥，亦指混凝土；借指水门汀的路或地	新华	{水门汀}路上和弄堂里面	包身工	3
汶水	wèn shuǐ	都考	课本	发源于山东莱芜东北原山，向西南流经泰安	课本	泰山之阳，{汶水}西流；其阴，济水东流。	登泰山记	3
泅水	qiú shuǐ	写	词典	游水	新华	尽善于{泅水}的军民人等	边城（节选）	3
洴澼絖	píng pì kuàng	都考	课本	漂洗丝絮	课本	宋人有善为不龟手之药者，世世以{洴澼絖}为事。	五石之瓠	3
流憩	liú qì	写	词典	指无目的地漫步和随时随地休息	课本	策扶老以{流憩}，时矫首而遐观。	归去来兮辞并序	3
涅槃	niè pán	写	词典			{涅槃}的自由，却还有生之留恋，我于是就逃走。	为了忘却的记念	3
湛湛	zhàn zhàn	写	词典	①露水浓重的样子露湛湛兮晨出，月高高兮夜归	新华	也不见得{湛湛}青天。	窦娥冤（节选）	3
炽热	chì rè	写	词典	①温度极高；极热炽热的暑假｜炽热难熬。②热烈炽热的心｜情绪炽热	新华	{炽热}的激情就会流出我的双唇	致云雀	3
熹微	xī wēi	写	词典	光线微弱	课本	问征夫以前路，恨晨光之{熹微}。	归去来兮辞并序	3
牲醴	shēng lǐ	写	词典	指祭祀用的牺牲和甜酒；指宴飨用的牲和醴	新华	只觉得天地圣众歆享了{牲醴}和香烟	祝福	3
狡狯	jiǎo kuài	写	词典			可是我们不会认错那个经常在这一切矛盾中出现的{狡狯}的精灵。	在《人民报》创刊纪念会上的演说	3
瓠落	hù luò	写	词典	宽大空廓的样子	课本	剖之以为瓢，则{瓠落}无所容。	五石之瓠	3
癞头	lài tóu	写	词典	长黄癣的头；指头上长黄癣的人	新华	冥搜未已，一{癞头}蟆猝然跃去。	促织	3
白公姥	bái gōng mǔ	读	课本	禀告婆婆	课本	妾不堪驱使，徒留无所施，便可{白公姥}，及时相遣归。”	孔雀东南飞并序	3
相依为命	xiāng yī wéi mìng	读	成语	互相依靠着过日子。泛指互相依靠，谁也离不开谁	成语	臣无祖母，无以至今日；祖母无臣，无以终余年。母孙二人，更{相依为命}。	《陈情表》	3
眺望	tiào wàng	写	词典	从高处远望；观看;观赏	新华	为了想早早地看到那迎婚送亲的喜轿，翠翠还爬到屋后塔下去{眺望}。	边城（节选）	3
瞌睡	kē shuì	写	词典	由于困倦而进入睡眠或半睡眠状态；想睡觉打～ㄧ夜里没睡好，白天～得很	新华	他们常就{瞌睡}了，一觉醒来	秦腔	3
碣石	jié shí	写	词典	山名，在今河北昌黎西北	课本	斜月沉沉藏海雾，{碣石}潇湘无限路。	春江花月夜	3
磨砺	mó lì	写	词典			从深重的苦难与{磨砺}。	在民族复兴的历史丰碑上	3
笠子	lì zi	写	词典	箬笠	新华	取毡{笠子}戴上，拿了钥匙	林教头风雪山神庙	3
篱笆	lí bā	写	词典	用竹子、芦苇、树枝等编成的遮拦的东西，一般环绕在房屋、场地等的周围	新华	叫声“相扰”，便出{篱笆}门	林教头风雪山神庙	3
精湛	jīng zhàn	写	词典			今天的“匠”，已成为心思巧妙、技艺{精湛}、造诣高深的代名词。	以工匠精神雕琢时代品质	3
纶巾	guān jīn	都考	词典	配有青丝带的头巾	课本	羽扇{纶巾}，谈笑间，樯橹灰飞烟灭。	念奴娇·赤壁怀古	3
绫罗	líng luó	写	词典	泛指丝织品	新华	左手持刀尺，右手执{绫罗}。	孔雀东南飞并序	3
罗曼谛克	luó màn dì kè	写	词典	英语romantic的音译，也译为浪漫。有富于幻想、不守常规等意思	新华	他说她就喜欢起得这么怪，{罗曼谛克}	为了忘却的记念	3
翳翳	yì yì	写	词典	晦暗不明貌；草木茂密成荫貌	新华	景{翳翳}以将入，抚孤松而盘桓。	归去来兮辞并序	3
老聃	lǎo dān	都考	课本	即老子，孔子曾向他问过礼	课本	孔子师郯子、苌弘、师襄、{老聃}。	师说	3
自以为是	zì yǐ wéi shì	读	成语	是对。总以为自己是对的。形容主观，不虚心	成语	凡斗者必{自以为是}，而以人为非也。”《孟子·尽心下》众皆悦之，自以为是。	《荀子·荣辱》	3
自矜	zì jīn	写	词典	抬高自己；自我夸耀自矜自是｜以专长自矜	新华	企者不立，跨者不行，自见者不明，自是者不彰，自伐者无功，{自矜}者不长。	《老子》四章	3
舳舻	zhú lú	都考	课本	船头和船尾的并称，泛指首尾相接的船只	课本	{舳舻}千里，旌旗蔽空	赤壁赋	3
苗裔	miáo yì	写	词典	子孙后代帝高阳之苗裔	新华	帝高阳之{苗裔}兮，朕皇考曰伯庸。	离骚（节选）	3
荆轲	jīng kē	写	词典	战国末著名刺客。齐人。徙卫，人称庆卿。至燕，人称荆卿	新华	并适当拓展阅读其他史传名篇（如《{荆轲}刺秦王》《信陵君窃符救赵》《廉颇蔺相如列传》等）	五代史伶官传序	3
葳蕤	wēi ruí	写	词典	草木繁盛的样子，这里形容刺绣的花叶繁多而美丽	课本	妾有绣腰襦，{葳蕤}自生光	孔雀东南飞并序	3
虔诚	qián chéng	写	词典	恭敬而有诚意	新华	只是庄严而{虔诚}地给他拭着身子	百合花	3
蜀郡	shǔ jùn	写	词典	秦灭古蜀国，始置蜀郡『仍其旧，辖境包有今四川省中部大部分，治所在成都	新华			3
衅钟	xìn zhōng	读	课本	古代新钟铸成，宰杀牲口，取血涂钟行祭，叫作“衅钟”	课本	对曰：‘将以{衅钟}。’	齐桓晋文之事	3
衣帛	yì bó	都考	课本	穿丝织的衣服	课本	五十者可以{衣帛}矣	齐桓晋文之事	3
裘马	qiú mǎ	写	词典	轻裘肥马。形容生活豪华。语出《论语．雍也》赤之适齐也，乘肥马，衣轻裘	新华	独是成氏子以蠹贫，以促织富，{裘马}扬扬。	促织	3
览揆	lǎn kuí	写	词典	审察衡量。《离骚》皇览揆余初度兮，肇锡余以嘉名	新华	皇{览揆}余初度兮，肇锡余以嘉名。	离骚（节选）	3
觳觫	hú sù	都考	课本	形容恐惧战栗的样子	课本	吾不忍其{觳觫}，若无罪而就死地。’	齐桓晋文之事	3
诅咒	zǔ zhòu	写	词典	原指祈求鬼神降祸于所恨之人，后泛指咒骂否则厥口诅咒｜她要诅咒这不平的世道	新华	都竞相诽谤他，{诅咒}他。	在马克思墓前的讲话	3
谄媚	chǎn mèi	写	词典	巴结讨好谄媚权要	新华	那时候他们总得{谄媚}地讲	包身工	3
谈瀛	tán yíng	写	词典	唐李白《梦游天姥吟留别》﹕海客谈瀛洲，烟涛微茫信难求。后以谈瀛指谈论海外事	新华	海客{谈瀛}洲，烟涛微茫信难求；越人语天姥，云霞明灭或可睹。	梦游天姥吟留别	3
谣诼	yáo zhuó	写	词典	毁谤	课本	众女嫉余之蛾眉兮，{谣诼}谓余以善淫。	离骚（节选）	3
贬黜	biǎn chù	写	词典					3
跌宕起伏	diē dàng qǐ fú	写	词典			奏响了一篇篇{跌宕起伏}的演化乐章	“探界者”钟扬	3
辘辘	lù lù	写	词典	车行的声音	课本	雷霆乍惊，宫车过也；{辘辘}远听，杳不知其所之也。	阿房宫赋	3
进谏	jìn jiàn	写	词典	向君主或尊长直言规劝	新华	有直言{进谏}、警示君主的奏疏	第八单元	3
迤逦	yǐ lǐ	都考	词典	亦作迤。亦作迤里。亦作迤逦。亦作迤；曲折连绵貌	新华	{迤逦}不想来到沧州	林教头风雪山神庙	3
迷离惝恍	mí lí chǎng huǎng	写	成语	迷离凝，不分明；惝恍不真切，不清楚。形容凝而难以分辨清楚	成语	惟留二百余金，恰足两月余酒食费，一定{迷离惝恍}，如梦乍回。	《阅微草堂笔记·槐西杂志三》	3
逍遥	xiāo yáo	写	词典	悠然自得的样子逍遥自┰冢逍遥法外	新华	便事事{逍遥}自在了。	祝福	3
逶迤	wēi yí	写	词典	舒展的样子	课本	摐金伐鼓下榆关，旌旆{逶迤}碣石间。	燕歌行并序	3
遐观	xiá guān	写	词典	纵观;遍览；远眺	新华	策扶老以流憩，时矫首而{遐观}。	归去来兮辞并序	3
遑遑	huáng huáng	写	词典			胡为乎{遑遑}欲何之？	归去来兮辞并序	3
郡县	jùn xiàn	写	词典	指郡县的官员	课本	诏书切峻，责臣逋慢；{郡县}逼迫，催臣上道；州司临门，急于星火。	陈情表	3
鄱阳	pó yáng	写	词典	地名。春秋楚番邑，秦置番县，汉改鄱阳县。今改波阳县，在江西省东北部；指鄱阳湖	新华			3
醉醺醺	zuì xūn xūn	写	词典	亦作醉熏熏。亦作醉熏熏；半醉貌	新华	已经喝得{醉醺醺}的	祝福	3
里胥	lǐ xū	写	词典	管理乡里事务的小吏	课本	{里胥}猾黠，假此科敛丁口，每责一头，辄倾数家之产。	促织	3
针砭	zhēn biān	写	词典	①砭古代治病的石头针◇泛指金针治疗和砭石出血其人善医，尤得针砭之妙术	新华	杜牧总结秦朝覆亡教训，意在{针砭}时弊	六国论	3
长途跋涉	cháng tú bá shè	读	成语	跋涉翻山越岭、趟水过河。指远距离的翻山渡水。形容路途遥远，行路辛苦	成语	第六十六回岳夫人道‘……怎敢劳姐{长途跋涉}，决难从命。’	《说岳全传》	3
间行	jiàn xíng	读	课本	秘密地走	课本	世{间行}乐亦如此，古来万事东流水。	梦游天姥吟留别	3
闵凶	mǐn xiōng	写	词典	忧患凶丧之事	新华	臣密言：臣以险衅，夙遭{闵凶}。	陈情表	3
阙秦	quē qín	都考	课本	使秦国土地减少	课本	{阙秦}以利晋，唯君图之。”	烛之武退秦师	3
霓裳	ní cháng	都考	词典	神仙的衣裳。相传神仙以云为裳；借指云雾，云气	新华	轻拢慢捻抹复挑，初为《{霓裳}》后《六幺》。	琵琶行并序	3
韶光	sháo guāng	写	词典	美好的时光，多指春光	课本	朝飞暮卷，云霞翠轩；雨丝风片，烟波画船——锦屏人忒看的这{韶光}贱！	游园	3
顷襄	qǐng xiāng	写	词典	指战国楚顷襄王	新华	长子{顷襄}王立，以其弟子兰为令尹。	屈原列传	3
颔联	hàn lián	写	词典					3
颛顼	zhuān xū	写	词典	远古传说中的帝王∨高阳氏	新华			3
飘飖	piāo yáo	写	词典	随风飘动，形容动荡不安	课本	边庭{飘飖}那可度，绝域苍茫无所有。	燕歌行并序	3
馔玉	zhuàn yù	写	词典	像玉一样珍美的食品	课本	钟鼓{馔玉}不足贵，但愿长醉不愿醒。	将进酒	3
驰骋	chí chěng	写	词典	①骑马飞奔驰骋万里｜终日驰骋｜纵横驰骋。②田猎；驰射驰骋无度，戏乐笑语	新华	乘骐骥以{驰骋}兮，来吾道夫先路！	离骚（节选）	3
驾驭	jià yù	写	词典			曹雪芹是善于创造和{驾驭}语言的艺术大师	《红楼梦》	3
骐骥	qí jì	都考	课本	骏马	课本	乘{骐骥}以驰骋兮，来吾道夫先路！	离骚（节选）	3
骢马	cōng mǎ	写	词典	亦作騘马；青白色相杂的马	新华	金车玉作轮，踯躅青{骢马}，流苏金镂鞍。	孔雀东南飞并序	3
鱼凫	yú fú	写	词典	传说中古蜀国帝王名；鱼和凫。凫，野鸭	新华	蚕丛及{鱼凫}，开国何茫然！	蜀道难	3
鸷鸟	zhì niǎo	写	词典	凶猛的鸟，指鹰、雕等	课本	{鸷鸟}之不群兮，自前世而固然。	离骚（节选）	3
鹢首	yì shǒu	写	词典	船头。古代画鹢鸟于船头，故称；泛指船	新华			3
麂子	jǐ zi	写	词典	即麂	新华	代替野狗的是{麂子}的嘶声。	一个消逝了的山村	3
黄鹂	huáng lí	写	词典			映阶碧草自春色，隔叶{黄鹂}空好音。	蜀相	3
齐桓公	qí huán gōng	写	词典					3
一夫作难	yī fū zuò nàn	读	课本	指陈涉起义	课本	{一夫作难}而七庙隳	过秦论	2
一恸	yī tòng	写	词典	大恸	课本			2
一稔	yī rěn	都考	课本	庄稼成熟一次，引申为一年	课本	犹望{一稔}，当敛裳宵逝。	归去来兮辞并序	2
一针见血	yī zhēn jiàn xiě	读	成语	比喻说话直截了当，切中要害	成语	这不是把我们的毛病讲得{一针见血}么？不错，党八股中中国有，外国也有，可见是通病。	《反对党八股》	2
万籁	wàn lài	写	词典			借书满架，偃仰啸歌，冥然兀坐，{万籁}有声；而庭阶寂寂，小鸟时来啄食，人至不去。	项脊轩志	2
三匝	sān zā	都考	课本	三周	课本	绕树{三匝}，何枝可依？	短歌行	2
三闾	sān lǘ	写	词典	指屈原	新华	渔父见而问之曰：“子非{三闾}大夫欤？	屈原列传	2
上称帝喾	shàng chēng dì kù	都考	课本	往远处说提到帝喾（传说中的五帝之一）	课本	{上称帝喾}，下道齐桓，中述汤、武，以刺世事。	屈原列传	2
不以为然	bù yǐ wéi rán	读	成语	然是，对。不认为是对的。表示不同意或否定	成语	右臣先曾奏论前衙一役，只当招募，不当定差，执政{不以为然}。	《再乞罢详定役法状》	2
不怀好意	bù huái hào yì	读	成语	怀包藏。没安好心	成语	第二十七回武松听了这话，自家肚里寻思道‘这妇人{不怀好意}了。你看我且先耍他。’	《水浒传》	2
不惮	bù dàn	写	词典			我已经说过：我向来是{不惮}以最坏的恶意来推测中国人的。	记念刘和珍君	2
不羁	bù jī	写	词典	不受限制、拘束不羁之才｜放浪不羁	新华			2
不胜杯杓	bù shèng bēi sháo	都考	课本	禁不起多喝酒	课本	张良入谢，曰：“沛公{不胜杯杓}，不能辞。	鸿门宴	2
不足为奇	bù zú wéi qí	读	成语	足值得。不值得奇怪。指某种事物或现象很平常，没有什么奇怪的	成语	人乐其大而忘其私，不然则公{不足为奇}。	《祭范德孺文》	2
东曦既驾	dōng xī jì jià	写	成语	太阳已经升起	课本	{东曦既驾}，僵卧长愁。	促织	2
中音	zhòng yīn	读	课本	合乎音律	课本	庖丁为文惠君解牛，手之所触，肩之所倚，足之所履，膝之所踦，砉然向然，奏刀騞然，莫不{中音}。	庖丁解牛	2
举世混浊	jǔ shì hún zhuó	读	成语	举全；混浊不清明。世上所有的人都不清不白。比喻世道昏暗	成语	{举世混浊}，何不随其流而扬其波？	屈原列传	2
书札	shū zhá	写	词典	书信客从远方来，遗我一书札	新华	二□在以下三个有关小说表达手法的任务中，选择两个完成，并就其中之一写一则读{书札}记。	变形记（节选）	2
云集响应	yún jí xiǎng yìng	读	成语	大家迅速集合在一起，表示赞同和支持	成语	揭竿为旗，天下{云集响应}	过秦论	2
五尺之僮	wǔ chǐ zhī tóng	写	成语	指儿童、小孩子	课本	外无期功强近之亲，内无应门{五尺之僮}，茕茕孑立，形影相吊。	陈情表	2
五陵年少	wǔ líng nián shào	读	成语	指京城富家豪族子弟	课本	{五陵年少}争缠头，一曲红绡不知数。	琵琶行并序	2
井陉	jǐng xíng	写	词典	山名。太行山的支脉。有要隘名井陉口，又称土门关。秦汉时为军事要地	新华	在进攻{井陉}煤矿的战斗里	大战中的插曲	2
交戟	jiāo jǐ	写	词典	谓卫士执戟相交；有士兵守卫之地。指宫廷	新华	{交戟}之卫士欲止不内。	鸿门宴	2
仄仄	zè zè	写	词典	狭窄	新华	北方人念阵字，总老像是层字，平平{仄仄}起来，这念错的歧韵，倒来得正好。	故都的秋	2
仇雠	chóu chóu	都考	课本	仇人	课本	及{仇雠}已灭，天下已定	五代史伶官传序	2
伏弩	fú nǔ	写	词典	埋伏弓箭手；隐蔽着的用机械发射的弓箭	新华	常能为汉{伏弩}射杀之	苏武传	2
优渥	yōu wò	都考	课本	优厚	课本	今臣亡国贱俘，至微至陋，过蒙拔擢，宠命{优渥}，岂敢盘桓，有所希冀。	陈情表	2
会晤	huì wù	写	词典	会面；会见两国领导人～ㄧ～当地知名人士	新华	无由{会晤}，不任区区向往之至！	答司马谏议书	2
似笑非笑	sì xiào fēi xiào	读	成语	像笑又不笑	成语	后来大家又都知道了她的脾气，只要有孩子在眼前，便{似笑非笑}的先问她。	《彷徨·祝福》	2
何辞为	hé cí wéi	读	课本	何必告辞呢？	课本	如今人方为刀俎，我为鱼肉，{何辞为}？”	鸿门宴	2
便嬖	pián bì	都考	课本	君主左右受宠爱的人	课本	{便嬖}不足使令于前与？	齐桓晋文之事	2
偃仰	yǎn yǎng	写	词典	俯仰，这里指安居、休息	课本	借书满架，{偃仰}啸歌，冥然兀坐，万籁有声；而庭阶寂寂，小鸟时来啄食，人至不去。	项脊轩志	2
偕作	xié zuò	写	词典	一同起来，指共同行动	课本	王于兴师，修我矛戟，与子{偕作}。	无衣	2
傅玑之珥	fù jī zhī ěr	都考	课本	镶嵌着珠子的耳饰	课本	{傅玑之珥}、阿缟之衣	谏逐客书	2
傩神	nuó shén	写	词典	驱除疫鬼的神	新华			2
兜鍪	dōu móu	都考	课本	古代打仗时战士所戴的头盔	课本	笠是{兜鍪}蓑是甲，雨从头上湿到胛。	插秧歌	2
六艺经传	liù yì jīng zhuàn	读	课本	六经的经文和传文	课本	李氏子蟠，年十七，好古文，{六艺经传}皆通习之，不拘于时，学于余。	师说	2
六郡	liù jùn	写	词典	指汉中一带	课本	兵挫地削，亡其{六郡}	屈原列传	2
兰皋	lán gāo	写	词典	长兰草的涯岸	新华	步余马于{兰皋}兮，驰椒丘且焉止息。	离骚（节选）	2
内交	nà jiāo	读	课本	结交	课本	非所以{内交}于孺子之父母也	人皆有不忍人之心	2
冠冕	guān miǎn	写	词典			这是“抛给”的，说得{冠冕}些	拿来主义	2
冥然兀坐	míng rán wù zuò	写	词典	静静地独自端坐	课本	借书满架，偃仰啸歌，{冥然兀坐}，万籁有声；而庭阶寂寂，小鸟时来啄食，人至不去。	项脊轩志	2
凋谢	diāo xiè	写	词典			无比的青春美貌，在疯狂中{凋谢}！	哈姆莱特（节选）	2
凋零	diāo líng	写	词典					2
凛冽	lǐn liè	写	词典	形容极为寒冷北风凛冽｜寒气凛冽	新华	深秋，山风渐渐{凛冽}了，天也黑得越来越早。	哦，香雪	2
出岫	chū xiù	写	词典	出山，从山中出来；比喻出仕	新华	云无心以{出岫}，鸟倦飞而知还。	归去来兮辞并序	2
刀俎	dāo zǔ	都考	课本	刀和砧板	课本	如今人方为{刀俎}，我为鱼肉，何辞为？”	鸿门宴	2
分蘖	fēn niè	写	词典	稻、麦、甘蔗等植物发育的时候，在幼苗靠近土壤的部分生出分枝。有的地区叫发棵	新华	后劲不足；{分蘖}有余	喜看稻菽千重浪	2
前合后偃	qián hé hòu yǎn	写	词典			（正旦唱）【倘秀才】则被这枷纽的我左侧右偏，人拥的我{前合后偃}。	窦娥冤（节选）	2
剡溪	shàn xī	都考	课本	水名，在今浙江嵊（shèng）州南	课本	湖月照我影，送我至{剡溪}。	梦游天姥吟留别	2
劝谏	quàn jiàn	写	词典					2
匍匐	pú fú	写	词典			坐行就是膝行（蒲服即{匍匐}）	第八单元	2
参乘	cān shèng	读	课本	即“骖乘”，古时站在车右陪乘或担任警卫的人	课本	张良曰：“沛公之{参乘}樊哙者也。”	鸿门宴	2
参差错落	cēn cī cuò luò	读	成语	参差长短、高低、大小不一致。错落交错、交织的样子	成语			2
口讷	kǒu nè	写	词典	亦作口呐；说话迟钝	新华	估量了对手，{口讷}的他便骂	阿Q正传（节选）	2
叮咣	dīng guāng	写	词典	形容金属物体敲击振动声	新华	幕布放下，只说就要出场了，却又叮{叮咣}咣不停。	秦腔	2
吞噬	tūn shì	写	词典	吞食；大口吃饥来吞噬取肠饱	新华	不致被喧嚣的情绪倾覆或{吞噬}。	第四单元	2
周公吐哺	zhōu gōng tǔ bǔ	读	课本	《史记·鲁周公世家》记载，周公广纳贤才，正吃饭时，听到门外有士子求见，来不及咽下嘴里的食物，把食物一吐就赶紧去接见	课本	{周公吐哺}，天下归心。	短歌行	2
呱呱	gū gū	写	词典	小儿哭声～而泣。另见guāguā	新华	妪又曰：“汝姊在吾怀，{呱呱}而泣；娘以指叩门扉曰：‘儿寒乎？	项脊轩志	2
呼哧	hū chī	写	词典			他一肩背枪，一肩挂了一杆秤；左手挎了一篮鸡蛋，右手提了一口大锅，{呼哧}呼哧地走来。	百合花	2
咂摸	zā mō	写	词典	体会;品辨	新华	我这儿正{咂摸}这个味儿：咱们一个人身上有多少洋玩意儿啊！	茶馆（节选）	2
咎言	jiù yán	写	词典	不祥之语	课本	尔卜尔筮，体无{咎言}。	氓	2
咕嘟	gū dū	写	词典	象声词，液体沸腾、水流涌出或大口喝水的声音锅里的粥～～响ㄧ泉水～～地往外冒ㄧ小刘端起一碗水，～～地喝了下去	新华	她压根儿就没有注意到，旁边满满的一大壶咖啡被碰倒了，咖啡正{咕嘟}咕嘟地往地毯上流淌。	变形记（节选）	2
咨嗟	zī jiē	写	词典	叹息	课本	蜀道之难，难于上青天，侧身西望长{咨嗟}！	蜀道难	2
喟然	kuì rán	都考	课本	叹息的样子	课本	夫子{喟然}叹曰：“吾与点也！”	子路、曾皙、冉有、公西华侍坐	2
喧豗	xuān huī	都考	课本	形容轰响	课本	飞湍瀑流争{喧豗}，砯崖转石万壑雷。	蜀道难	2
嗔怨	chēn yuàn	写	词典	生气，埋怨	新华			2
嗟悼	jiē dào	写	词典	叹息哀伤	课本	每览昔人兴感之由，若合一契，未尝不临文{嗟悼}，不能喻之于怀。	兰亭集序	2
嘎吱	gā zhī	写	词典	象声词，形容物件受压力而发出的声音（多重叠用）他挑着行李，扁担压得～～的响	新华	它肚皮朝上，扑打着尾巴，嘴巴{嘎吱}作响，像一艘快艇似的破浪前进，尾巴在海上溅起白色的浪花。	老人与海（节选）	2
嘲哳	zhāo zhā	都考	词典			岂无山歌与村笛，呕哑{嘲哳}难为听。	琵琶行并序	2
噫吁嚱	yī xū xī	都考	课本	三个字都是叹词	课本	{噫吁嚱}，危乎高哉！	蜀道难	2
囷囷	qūn qūn	写	词典	曲折回旋貌	新华	盘盘焉，{囷囷}焉，蜂房水涡，矗不知其几千万落。	阿房宫赋	2
壬戌	rén xū	读	课本	宋神宗元丰五年（1082）	课本	{壬戌}之秋，七月既望，苏子与客泛舟游于赤壁之下。	赤壁赋	2
天堑	tiān qiàn	写	词典	天然壕沟	课本	云树绕堤沙，怒涛卷霜雪，{天堑}无涯。	望海潮	2
央浼	yāng měi	写	词典	亦作央凂；恳求;请求	新华	太尉特使俺两个{央浼}二位干这件事。	林教头风雪山神庙	2
契阔谈讌	qì kuò tán yàn	都考	课本	久别重逢，欢饮畅谈	课本	{契阔谈讌}，心念旧恩。	短歌行	2
奚落	xī luò	写	词典	用尖酸刻薄的话揭人短处，使人难堪落魄时遭人奚落，意不少屈	新华	向来只被他{奚落}，从没有奚落他	阿Q正传（节选）	2
女娲	nǚ wā	写	词典	神话传说中的古帝名。参见女娲氏；相传为夏禹之妃，涂山氏之女	新华	{女娲}炼石补天处，石破天惊逗秋雨。	李凭箜篌引	2
好大喜功	hào dà xǐ gōng	读	成语	指不管条件是否许可，一心想做大事立大功。多用以形容浮夸的作风	成语	{好大喜功}则为宇宙汪洋所吞没，开动脑筋则领悟世界。	宇宙的边疆	2
好景不长	hǎo jǐng bù cháng	读	成语	景境况，光景；长长久。美好的光景不能永远存在	成语	{好景不长}啊，他想。	老人与海（节选）	2
妃嫔	fēi pín	写	词典	妃和嫔，泛指皇帝的妾	新华	{妃嫔}媵嫱，王子皇孙，辞楼下殿，辇来于秦。	阿房宫赋	2
娴静	xián jìng	写	词典	亦作娴静；文雅安详	新华			2
娼妓	chāng jì	写	词典	原指从事歌舞的女艺人，后称卖淫的女子	新华	“死{娼妓}，你倒有本领	包身工	2
嫁奁	jià lián	写	词典	陪嫁的财物	新华	我就把这一个诅咒送给你做{嫁奁}	哈姆莱特（节选）	2
嫠妇	lí fù	写	词典			舞幽壑之潜蛟，泣孤舟之{嫠妇}。	赤壁赋	2
孑然一身	jié rán yī shēn	写	成语	孑单独。孤孤单单一个人	成语	这使我知道，一个小生命是怎样鄙弃了一切浮夸，{孑然一身}担当着一个大宇宙。	一个消逝了的山村	2
孜孜	zī zī	写	词典	①勤勉；不懈怠孜孜不怠｜孜孜狳幔孜孜汲汲。②专心一意孜孜营求	新华	从此我便{孜孜}不倦地搜寻大厅中那一个个高高的书架	读书：目的和前提	2
孝悌	xiào tì	都考	课本	善事父母为“孝”，敬爱兄长为“悌”	课本	谨庠序之教，申之以{孝悌}之义	齐桓晋文之事	2
孤孀	gū shuāng	写	词典	①孤儿寡妇。②寡妇	新华			2
孤苦伶仃	gū kǔ líng dīng	写	成语	伶仃孤独，没有依靠。孤单困苦，没有依靠	成语	臣少多疾病，九岁不行。零丁孤苦，至于成立。	《陈情表》	2
孺子	rú zi	写	词典	幼儿，儿童；古代称天子、诸侯、世卿的继承人	新华	今人乍见{孺子}将入于井	人皆有不忍人之心	2
审谛	shěn dì	写	词典	亦作审諟；慎密	新华	{审谛}之，短小，黑赤色，顿非前物。	促织	2
导大窾	dǎo dà kuǎn	都考	课本	引刀进入（骨节之间的）空处	课本	依乎天理，批大郤，{导大窾}，因其固然，技经肯綮之未尝，而况大軱乎！	庖丁解牛	2
小妞儿	xiǎo niū er	写	词典			这大概就是她的{小妞儿}。	党费	2
小觑	xiǎo qù	写	词典	犹小看	新华	因此他们也便{小觑}了他么？	阿Q正传（节选）	2
尔卜尔筮	ěr bo ěr shì	都考	课本	你用龟板占卜，用蓍（shī）草占卦	课本	{尔卜尔筮}，体无咎言。	氓	2
尺有咫	chǐ yǒu zhǐ	都考	课本	一尺多	课本	幸啄不中，虫跃去{尺有咫}。	促织	2
尽态极妍	jìn tài jí yán	都考	成语	尽极好；态仪态；妍美丽。容貌姿态美丽娇艳到极点	成语	一肌一容，{尽态极妍}，缦立远视，而望幸焉。	阿房宫赋	2
岌岌	jí jí	写	词典	高耸的样子	课本	高余冠之{岌岌}兮，长余佩之陆离。	离骚（节选）	2
岐山	qí shān	写	词典	山名。在今陕西省岐山县境。上古称岐	新华	凤翔，长武，{岐山}	秦腔	2
峥嵘岁月	zhēng róng suì yuè	写	成语	峥嵘不平凡，不寻常。形容不平凡的年月	成语	忆往昔{峥嵘岁月}稠。	沁园春·长沙	2
崤函之固	xiáo hán zhī gù	写	成语	比喻地势十分险要	成语	秦孝公据{崤函之固}	过秦论	2
嵩山	sōng shān	写	词典	山名。在河南省登封县北，为五岳之中岳。古称外方、太室，又名崇高、嵩高	新华			2
左伊秩訾	zuǒ yī zhì zī	都考	课本	匈奴王号	课本	{左伊秩訾}曰：“即谋单于，何以复加？	苏武传	2
平仄	píng zè	写	词典	指古汉语字调的平声和仄声。仄声包括上、去、入三声	新华	北方人念阵字，总老像是层字，平{平仄}仄起来，这念错的歧韵，倒来得正好。	故都的秋	2
广袤	guǎng mào	写	词典			唯一典型的地方在{广袤}、寒冷的宇宙真空之中，在星际空间永恒的黑夜里。	宇宙的边疆	2
应有尽有	yīng yǒu jìn yǒu	读	成语	该有的全都有。形容很齐全	成语	人所{应有尽有}，人所应无尽无，其江智渊乎！	《宋书·江智渊传》	2
庠序	xiáng xù	写	词典	古代的地方学校◇也泛称学校或教育事业设庠序以化于邑｜学子愤慨于庠序，商贾喧噪于廛市	新华	谨{庠序}之教，申之以孝悌之义	齐桓晋文之事	2
庭柯	tíng kē	写	词典	庭园中的树木	新华	引壶觞以自酌，眄{庭柯}以怡颜。	归去来兮辞并序	2
廪食	lǐn shí	写	词典	仓储的粮食；公家供给口粮	新华	武既至海上，{廪食}不至，掘野鼠去草实而食之。	苏武传	2
弋射	yì shè	写	词典	用绳系在箭上射猎	课本	积五六年，单于弟於靬王{弋射}海上。	苏武传	2
形骸之外	xíng hái zhī wài	写	词典			或取诸怀抱，悟言一室之内；或因寄所托，放浪{形骸之外}。	兰亭集序	2
征戍	zhēng shù	写	词典	远行屯守边疆	新华	开元二十六年，客有从元戎出塞而还者，作《燕歌行》以示，适感{征戍}之事，因而和焉。	燕歌行并序	2
徂徕	cú lái	都考	课本	山名，在泰安城东南	课本	望晚日照城郭，汶水、{徂徕}如画，而半山居雾若带然。	登泰山记	2
忖度	cǔn duó	都考	词典	推测；思量	新华	王说，曰：“《诗》云：‘他人有心，予{忖度}之。’	齐桓晋文之事	2
怀瑾握瑜	huái jǐn wò yú	写	成语	比喻保持高洁美好的节操志向	课本	何故{怀瑾握瑜}，而自令见放为？”	屈原列传	2
怂恿	sǒng yǒng	写	词典			在风的{怂恿}下“豁啷啷”地歌唱。	哦，香雪	2
怜悧	lián lì	写	词典	机灵;聪明；干净利落	新华	然而她总如此，全不见有{怜悧}起来的希望。	祝福	2
急遽	jí jù	写	词典			2. 狄更斯的小说反映了工业革命时期{急遽}变革的英国社会的风貌	百年孤独（节选）	2
怪癖	guài pǐ	写	词典			认定儿女们的{怪癖}与猪尾巴同样可怕时	百年孤独（节选）	2
恣欢谑	zì huān xuè	都考	课本	尽情地欢乐戏谑	课本	陈王昔时宴平乐，斗酒十千{恣欢谑}。	将进酒	2
恣肆	zì sì	写	词典	①放纵，没有顾忌骄横恣肆。②酣畅淋漓地肆意发挥听其言汪洋恣肆	新华	后者奔放{恣肆}，不拘格律	树和天空	2
恪守	kè shǒu	写	词典	严格遵守～中立ㄧ～不渝	新华	或要我{恪守}的教诲	我与地坛（节选）	2
恫吓	dòng hè	都考	词典	威吓；吓（xià）唬不怕武力～	新华	哪怕众人对我施加更大的{恫吓}	人应当坚持正义	2
恶施	wū shī	读	课本	怎么实行	课本	视父兄与君若其身，{恶施}不孝？	兼爱	2
悚然	sǒng rán	写	词典	惧怕的样子毛骨悚然｜面露悚然之色	新华	自己的灵魂有些担当不起，感到{悚然}	一个消逝了的山村	2
惘然	wǎng rán	写	词典	模糊不清的样子	课本	此情可待成追忆，只是当时已{惘然}。	锦瑟	2
惨怛	cǎn dá	都考	课本	忧伤，悲痛	课本	人穷则反本，故劳苦倦极，未尝不呼天也；疾痛{惨怛}，未尝不呼父母也。	屈原列传	2
戛然而止	jiá rán ér zhǐ	写	成语	戛象声词。形容声音突然终止	成语	夫文章变化，侔于鬼神，斗然而来，{戛然而止}，何尝无此景象？	《文史统义·古文十弊》	2
户牖	hù yǒu	都考	课本	门窗	课本	凿{户牖}以为室，当其无，有室之用。	《老子》四章	2
批大郤	pī dà xì	都考	课本	击入大的（筋骨连接处的）缝隙	课本	依乎天理，{批大郤}，导大窾，因其固然，技经肯綮之未尝，而况大軱乎！	庖丁解牛	2
折辕	zhé yuán	写	词典	《后汉书．张堪传》堪去职之日，乘折辕车，布被囊而已。折辕，车辕折断	新华	前长君为奉车，从至雍棫阳宫，扶辇下除，触柱{折辕}，劾大不敬，伏剑自刎，赐钱二百万以葬。	苏武传	2
拳拳服膺	quán quán fú yīng	写	成语	拳拳紧握不舍，引伸为恳切；服膺铭记心中。形容恳切地牢记不忘	成语	得一善，则{拳拳服膺}而弗失之矣。	《礼记·中庸》	2
按剑而跽	àn jiàn ér jì	都考	课本	握着剑，挺直身子	课本	项王{按剑而跽}曰：“客何为者？”	鸿门宴	2
接踵	jiē zhǒng	写	词典	后面的人的脚尖接着前面的人的脚跟。形容人多，接连不断摩肩～ㄧ～而来	新华	得巨大发展，处理语音的电子设备{接踵}而生，如留声机、录音机、麦克风、扩音机、电话机等。	第四单元	2
掸尘	dǎn chén	写	词典	洗尘；大扫除	新华	像上文所提到的晒衣物、{掸尘}等	第四单元	2
提纲挈领	tí gāng qiè lǐng	写	成语	纲鱼网的总绳；挈提起。抓住网的总绳，提住衣的领子。比喻抓住要领，简明扼要	成语	{提纲挈领}，权衡利弊	树和天空	2
搏髀	bó bì	都考	课本	唱歌时拍打大腿以应和节拍	课本	夫击瓮叩缶，弹筝{搏髀}	谏逐客书	2
搔首踟蹰	sāo shǒu chí chú	都考	课本	以手指挠头，徘徊不进	课本	爱而不见，{搔首踟蹰}。	静女	2
摇头晃脑	yáo tóu huàng nǎo	读	成语	晃摇动。脑袋摇来摇去。形容自己感觉很有乐趣或自己认为很不差的样子	成语	{摇头晃脑}的读起来，真是音调铿锵，使人不自觉其头晕。	《二心集·善于翻译的通信》	2
攒拥	zǎn yōng	写	词典	丛聚;簇拥	新华	台下坐的、站的人头{攒拥}	秦腔	2
攘诟	rǎng gòu	写	词典	容忍耻辱；争吵诟骂	新华	屈心而抑志兮，忍尤而{攘诟}。	离骚（节选）	2
敌忾	dí kài	写	词典			他于是发生了回忆，又发生了{敌忾}了。	阿Q正传（节选）	2
斑斓	bān lán	写	词典	灿烂多彩五色～ㄧ～的玛瑙	新华	撑一支长篙，向青草更青处漫溯,满载一船星辉，在星辉{斑斓}里放歌。	再别康桥	2
斑鸠	bān jiū	写	词典	鸟，身体灰褐色，颈后有白色或黄褐色斑点，嘴短，脚淡红色	新华			2
旄节	máo jié	写	词典	古代使臣所持的符节。用作信物；镇守一方的长官所拥有的节	新华			2
旌旆	jīng pèi	都考	课本	旗帜	课本	摐金伐鼓下榆关，{旌旆}逶迤碣石间。	燕歌行并序	2
旌旗蔽空	jīng qí bì kōng	写	词典			舳舻千里，{旌旗蔽空}	赤壁赋	2
族庖	zú páo	写	词典	一般的厨师	课本	良庖岁更刀，割也；{族庖}月更刀，折也。	庖丁解牛	2
日久天长	rì jiǔ tiān cháng	读	成语	时间长，日子久	成语	第六十九回{日久天长}，这些奴才们跟前，怎么说嘴呢？	《红楼梦》	2
日薄西山	rì bó xī shān	读	成语	太阳快要落山	课本	但以刘{日薄西山}，气息奄奄，人命危浅，朝不虑夕。	陈情表	2
旧醅	jiù pēi	写	词典	陈酒，旧酿	新华	盘飧市远无兼味，樽酒家贫只{旧醅}。	客至	2
晏晏	yàn yàn	写	词典	和悦的样子	课本	总角之宴，言笑{晏晏}。	氓	2
晤谈	wù tán	写	词典	见面交谈	新华			2
晧晧	hào hào	写	词典	洁白貌	新华	宁赴常流而葬乎江鱼腹中耳，又安能以{晧晧}之白，而蒙世俗之温蠖乎？”	屈原列传	2
普陀山	pǔ tuó shān	写	词典	即普陀岛	新华	钱塘江的秋潮，{普陀山}的凉雾	故都的秋	2
曲水流觞	qū shuǐ liú shāng	写	词典					2
曲阜	qū fù	写	词典	市名。在山东省中部偏南。周武王封弟周公旦于曲阜，为鲁国都	新华			2
有所作为	yǒu suǒ zuò wéi	读	成语	可以做事情，并能取得较大的成绩	成语	人有不为也，而后可以有为。	《孟子·离娄下》	2
朝不虑夕	zhāo bù lǜ xī	读	成语	早晨不能想到晚上怎样	课本	但以刘日薄西山，气息奄奄，人命危浅，{朝不虑夕}。	陈情表	2
朝朝暮暮	zhāo zhāo mù mù	读	成语	指朝夕相守	课本	两情若是久长时，又岂在{朝朝暮暮}。	鹊桥仙	2
未成一篑	wèi chéng yī kuì	都考	课本	只差一筐土没有成功	课本	子曰：“譬如为山，{未成一篑}，止，吾止也。	《论语》十二章	2
杂糅	zá róu	写	词典	混杂糅合在一起二者不可杂糅起来｜邪正杂糅，忠谗并进	新华	芳与泽其{杂糅}兮，唯昭质其犹未亏。	离骚（节选）	2
栏楯	lán shǔn	都考	课本	栏杆	课本	又杂植兰桂竹木于庭，旧时{栏楯}，亦遂增胜。	项脊轩志	2
栖鹘	qī hú	都考	课本	宿巢的隼	课本	森然欲搏人；而山上{栖鹘}	石钟山记	2
桀骜	jié ào	写	词典	倔强～不驯（性情倔强不驯顺）	新华	总该是有些{桀骜}锋利的	记念刘和珍君	2
桌帏	zhuō wéi	写	词典	亦称桌帷。亦称桌围；围在桌子边的装饰物，多以布或绸缎做成	新华	桌子放在堂中央，系上{桌帏}，她还记得照旧的去分配酒杯和筷子。	祝福	2
桓文	huán wén	写	词典	春秋五霸中齐桓公与晋文公的并称	新华	孟子对曰：“仲尼之徒无道{桓文}之事者，是以后世无传焉，臣未之闻也。	齐桓晋文之事	2
梨园弟子	lí yuán dì zǐ	读	成语	原指唐玄宗培训的歌伶舞伎◇泛指戏剧演员	成语	{梨园弟子}白发新，椒房阿监青蛾老。	《长恨歌》	2
樊川	fán chuān	写	词典	水名。在今陕西省长安县南	新华			2
樊笼	fán lóng	写	词典	关鸟兽的笼子	课本	久在{樊笼}里，复得返自然。	归园田居（其一）	2
横槊	héng shuò	写	词典	横持长矛。指从军或习武；形容气概豪迈	新华	酾酒临江，{横槊}赋诗	赤壁赋	2
歆享	xīn xiǎng	写	词典	神灵享受供物	新华	只觉得天地圣众{歆享}了牲醴和香烟	祝福	2
残羹冷炙	cán gēng lěng zhì	写	成语	指吃剩的饭菜。也比喻别人施舍的东西	成语	残杯与冷炙，到处潜悲辛。	《奉赠韦左丞丈》	2
殒命	yǔn mìng	写	词典			她们的父亲——井陉火车站的日本副站长，受了重伤，经抢救无效{殒命}，她们的母亲也在炮火中死亡。	大战中的插曲	2
毋宁	wú nìng	都考	词典	宁可，不如。毋，发语辞	新华	{毋宁}说由于他想到这些而激动	变形记（节选）	2
汤镬	tāng huò	写	词典	煮着滚水的大锅	课本	今得杀身自效，虽蒙斧钺{汤镬}，诚甘乐之。	苏武传	2
汨罗	mì luó	写	词典	江名，在湖南东北部	课本	……于是怀石，遂自投{汨罗}以死。	屈原列传	2
泯灭	mǐn miè	写	词典			也不是要{泯灭}说话个性	第四单元	2
流纨	liú wán	写	词典	细绢	新华	腰若{流纨}素，耳著明月珰。	孔雀东南飞并序	2
涕泗	tì sì	都考	课本	眼泪鼻涕	课本	戎马关山北，凭轩{涕泗}流。	登岳阳楼	2
涟涟	lián lián	写	词典	泪流不止貌；引申为连绵不断貌	新华	不见复关，泣涕{涟涟}。	氓	2
淋漓尽致	lín lí jìn zhì	读	成语	淋漓形容湿淋淋往下滴，比喻尽情，酣畅；尽致达到极点	成语			2
混为一谈	hùn wéi yī tán	读	成语	把不同的事物混在一起，当作同样的事物谈论	成语	万口和附，并为一谈。	《平淮西碑》	2
渗漉	shèn lù	写	词典	渗漏	课本	百年老屋，尘泥{渗漉}，雨泽下注；每移案，顾视无可置者。	项脊轩志	2
温蠖	wēn huò	都考	课本	尘垢	课本	宁赴常流而葬乎江鱼腹中耳，又安能以晧晧之白，而蒙世俗之{温蠖}乎？”	屈原列传	2
游处	yóu chǔ	读	课本	同游共处，交往	课本	某启：昨日蒙教，窃以为与君实{游处}相好之日久，而议事每不合，所操之术多异故也。	答司马谏议书	2
游目骋怀	yóu mù chěng huái	写	成语	游目远眺；骋怀放开胸怀，往远处想。纵目四望，开阔心胸	成语	仰观宇宙之大，俯察品类之盛，所以{游目骋怀}，足以极视听之娱，信可乐也。	兰亭集序	2
湓浦	pén pǔ	写	词典	又叫湓江，源出江西瑞昌清湓山	课本	明年秋，送客{湓浦}口，闻舟中夜弹琵琶者，听其音，铮铮然有京都声。	琵琶行并序	2
湮没	yān mò	都考	词典	①埋没死而湮没不足道者，亦已众矣	新华	这种物质的作用形式与普通物质一样，但与普通物质接触之后它们将会{湮没}，并且猛然释放出能量。	一名物理学家的教育历程	2
滂沲	pāng tuó	写	词典	同滂沱；雨大貌	新华			2
滕王阁	téng wáng gé	写	词典	在江西省南昌市沿江路赣江边。建于公元653-659年	新华			2
滟滟	yàn yàn	写	词典	形容波光荡漾	课本	{滟滟}随波千万里，何处春江无月明。	春江花月夜	2
潦倒	liáo dǎo	都考	词典	衰颓，失意	课本	艰难苦恨繁霜鬓，{潦倒}新停浊酒杯。	登高	2
濯淖	zhuó nào	写	词典	谓浸渍	新华	自疏{濯淖}污泥之中，蝉蜕于浊秽，以浮游尘埃之外，不获世之滋垢，皭然泥而不滓者也。	屈原列传	2
瀚海	hàn hǎi	写	词典	唐代对蒙古高原大沙漠以北及其迤西今准噶尔盆地一带广大地区的泛称	课本	校尉羽书飞{瀚海}，单于猎火照狼山。	燕歌行并序	2
火钵	huǒ bō	写	词典	即火盆	新华	我坐着油漆过的安了{火钵}的炕凳	大堰河——我的保姆	2
灵鼍	líng tuó	都考	课本	即扬子鳄，古人认为有灵性，皮可蒙鼓	课本	今陛下致昆山之玉，有随、和之宝，垂明月之珠，服太阿之剑，乘纤离之马，建翠凤之旗，树{灵鼍}之鼓。	谏逐客书	2
炎炽	yán chì	写	词典	炽热	新华			2
热剌剌	rè lá lá	写	词典	形容热得难受；形容麻辣辣的感觉	新华	{热剌剌}的有些痛；打完之后	阿Q正传（节选）	2
烽烟	fēng yān	写	词典	烽火～四起	新华	{烽烟}四起，兵荒马乱，不知两个小姑娘当时是否安全回国了。	大战中的插曲	2
熙熙攘攘	xī xī rǎng rǎng	写	成语	熙熙和乐的样子；攘攘纷乱的样子。形容人来人往，非常热闹拥挤	成语	天下熙熙，皆为利来；天下攘攘，皆为利往。	《史记·货殖列传》	2
熨帖	yù tiē	都考	词典	亦作熨贴。亦作熨贴；把衣物烫平	新华	心里真觉得{熨帖}。	党费	2
牛犊	niú dú	写	词典	小牛初生牛犊不怕虎	新华	十六个结实如{牛犊}的小伙子	边城（节选）	2
猗顿	yī dùn	写	词典	春秋时鲁国人	课本	墨翟之贤，陶朱、{猗顿}之富	过秦论	2
猝然	cù rán	写	词典			冥搜未已，一癞头蟆{猝然}跃去。	促织	2
猪鬣	zhū liè	写	词典	即猪鬃	新华	试以{猪鬣}毛撩拨虫须，仍不动。	促织	2
玉帛	yù bó	写	词典			让我们化干戈为{玉帛}吧	大战中的插曲	2
玉玦	yù jué	都考	课本	环形有缺口的佩玉	课本	范增数目项王，举所佩{玉玦}以示之者三，项王默然不应。	鸿门宴	2
玉箸	yù zhù	写	词典	玉制筷子，比喻思妇的眼泪	课本	铁衣远戍辛勤久，{玉箸}应啼别离后。	燕歌行并序	2
珠玑	zhū jī	写	词典	珠宝	课本	市列{珠玑}，户盈罗绮，竞豪奢。	望海潮	2
瓮牖	wèng yǒu	写	词典	用破瓮做的窗户。指贫穷人家瓮牖绳枢之子，fd42Ａブ人	新华	然陈涉{瓮牖}绳枢之子	过秦论	2
甄别	zhēn bié	写	词典	①鉴别；审察甄别文义｜仔细甄别。②审核官员的业绩资历而区分去留	新华	要注意结合语境仔细{甄别}	第八单元	2
甘霖	gān lín	写	词典	指久旱以后所下的雨	新华	做甚么三年不见{甘霖}降？	窦娥冤（节选）	2
畏葸	wèi xǐ	写	词典	畏惧；害怕畏葸不前｜畏葸退缩，坐失事机	新华	年轻人的一个优点就是不会由于世俗的约束而{畏葸}不前	一名物理学家的教育历程	2
癞疮	lài chuāng	写	词典	恶疮;顽癣	新华	最恼人的是在他头皮上，颇有几处不知起于何时的{癞疮}疤。	阿Q正传（节选）	2
皎皎	jiǎo jiǎo	写	词典			江天一色无纤尘，{皎皎}空中孤月轮。	春江花月夜	2
盎然	àng rán	写	词典			理趣{盎然}，发人深思。	第三单元	2
盘飧	pán sūn	写	词典	盘盛食物的统称	新华	{盘飧}市远无兼味，樽酒家贫只旧醅。	客至	2
目眦	mù zì	都考	课本	眼眶	课本	哙遂入，披帷西向立，瞋目视项王，头发上指，{目眦}尽裂。	鸿门宴	2
直谏	zhí jiàn	写	词典	直言规谏	新华	然皆祖屈原之从容辞令，终莫敢{直谏}。	屈原列传	2
相与为一	xiāng yǔ wéi yī	读	成语	相与相互。相互结合成为一体	成语	诸侯恐惧，会盟而谋弱秦，不爱珍器重宝肥饶之地，以致天下之士，合从缔交，{相与为一}。	过秦论	2
相与枕藉	xiāng yǔ zhěn jiè	读	课本	互相枕着垫着	课本	{相与枕藉}乎舟中，不知东方之既白。	赤壁赋	2
相缪	xiāng móu	写	词典	见相樛	新华	西望夏口，东望武昌，山川{相缪}，郁乎苍苍，此非孟德之困于周郎者乎？	赤壁赋	2
相随属	xiāng suí zhǔ	读	课本	接连出现	课本	然亡国破家{相随属}	屈原列传	2
矜名	jīn míng	写	词典	崇尚名声	新华	且臣少仕伪朝，历职郎署，本图宦达，不{矜名}节。	陈情表	2
矜愍	jīn mǐn	写	词典	怜恤	课本	愿陛下{矜愍}愚诚，听臣微志，庶刘侥幸，保卒余年。	陈情表	2
矜育	jīn yù	写	词典	怜惜养育	课本	伏惟圣朝以孝治天下，凡在故老，犹蒙{矜育}，况臣孤苦，特为尤甚。	陈情表	2
石扉	shí fēi	写	词典	石洞的口。形似大门敞开，故称。亦借指隐者所居之门	新华	洞天{石扉}，訇然中开。	梦游天姥吟留别	2
砧子	zhēn zi	写	词典			父亲告诉他：“{砧子}。”	百年孤独（节选）	2
硿硿	kōng kōng	写	词典	象声词。击金石声	新华	寺僧使小童持斧，于乱石间择其一二扣之，{硿硿}焉。	石钟山记	2
禁锢	jìn gù	写	词典			“四人帮”都设置了不少{禁锢}人们思想的“禁区”	实践是检验真理的唯一标准	2
禹谟	yǔ mó	写	词典	大禹治国的方略	新华			2
穷厄	qióng è	写	词典	困顿	课本	其冬，丁令盗武牛羊，武复{穷厄}。	苏武传	2
穹宇	qióng yǔ	写	词典	天宇;天空；拱形的屋宇。指洞壑	新华	又如天坛皇{穹宇}与罗马的布拉曼提所	中国建筑的特征	2
窈陷	yǎo xiàn	写	词典	深凹	新华	这一回她的变化非常大，第二天，不但眼睛{窈陷}下去，连精神也更不济了。	祝福	2
窾坎镗鞳	kuǎn kǎn tāng tà	都考	课本	窾坎，击物声	课本	与风水相吞吐，有{窾坎镗鞳}之声	石钟山记	2
筋疲力尽	jīn pí lì jìn	读	成语	筋筋骨；尽完。形容非常疲乏，一点力气也没有了	成语	涨红了脸，{筋疲力尽}	装在套子里的人	2
箜篌引	kōng hóu yǐn	写	词典	乐府《相和六引》之一。亦名《公无渡河》	新华			2
纸鸢	zhǐ yuān	写	词典	即风筝	新华	重阳登高（南方并放{纸鸢}）	第四单元	2
纺缴	fǎng zhuó	读	课本	纺制系在箭尾的丝绳	课本	武能网{纺缴}，檠弓弩，於靬王爱之，给其衣食。	苏武传	2
绣腰襦	xiù yāo rú	都考	课本	绣花的齐腰短袄	课本	妾有{绣腰襦}，葳蕤自生光	孔雀东南飞并序	2
绫罗绸缎	líng luó chóu duàn	写	成语	泛指各种精美的丝织品	成语	你看，姑娘一过门，吃的是珍馐美味，穿的是{绫罗绸缎}，这不是造化吗？	茶馆（节选）	2
缦立	màn lì	写	词典	久立	课本	一肌一容，尽态极妍，{缦立}远视，而望幸焉。	阿房宫赋	2
缨子	yīng zi	写	词典	系在衣帽或器物上的穗状饰物；像缨子的东西。多指萝卜、芥菜等的叶	新华			2
缪公	mù gōng	都考	课本	即秦穆公	课本	此五子者，不产于秦，而{缪公}用之，并国二十，遂霸西戎。	谏逐客书	2
罅隙	xià xì	写	词典	缝隙;裂缝；嫌隙	新华	我升到了绝岩上的{罅隙}中的巢穴。	自己之歌（节选）	2
罗绮	luó qǐ	写	词典	绫罗绸缎	课本	市列珠玑，户盈{罗绮}，竞豪奢。	望海潮	2
罪愆	zuì qiān	写	词典	罪过；过失自招罪愆	新华	（唱）【快活三】念窦娥葫芦提当{罪愆}，念窦娥身首不完全，念窦	窦娥冤（节选）	2
羌管	qiāng guǎn	写	词典	即羌笛	新华	{羌管}弄晴，菱歌泛夜，嬉嬉钓叟莲娃。	望海潮	2
羝乳	dī rǔ	写	词典	公羊产乳。喻不可能发生之事	新华	乃徙武北海上无人处，使牧羝，{羝乳}乃得归。	苏武传	2
羽檄	yǔ xí	写	词典	即羽书贺兰山下阵如云，羽檄交驰日夕闻	新华			2
耘耔	yún zǐ	写	词典	语本《诗。小雅。甫田》今适南亩，或耘或耔。谓除草培土◇因以耘耔泛指从事田间劳动	新华	怀良辰以孤往，或植杖而{耘耔}。	归去来兮辞并序	2
肯綮	kěn qìng	都考	词典			依乎天理，批大郤，导大窾，因其固然，技经{肯綮}之未尝，而况大軱乎！	庖丁解牛	2
胡诌	hú zhōu	写	词典			{胡诌}社会主义生产关系“是产生新的资产阶级分子的经济基础”的谬论	实践是检验真理的唯一标准	2
胡龁	hú hé	都考	课本	齐宣王的近臣	课本	曰：“臣闻之{胡龁}曰：王坐于堂上，有牵牛而过堂下者，王见之，曰：‘牛何之？’	齐桓晋文之事	2
胥吏	xū lì	写	词典	官府中的小吏	新华			2
胥怨	xū yuàn	写	词典	相怨，指百姓对上位者的怨恨	课本	盘庚之迁，{胥怨}者民也	答司马谏议书	2
膏腴	gāo yú	写	词典			东据成皋之险，割{膏腴}之壤	谏逐客书	2
臆断	yì duàn	写	词典	凭臆测而下的决断；主观地判断	新华	事不目见耳闻，而{臆断}其有无，可乎？	石钟山记	2
自为	zì wèi	读	课本	帮助自己	课本	莫不欲求忠以{自为}	屈原列传	2
自刎	zì wěn	写	词典	自割其颈。即自杀	新华	前长君为奉车，从至雍棫阳宫，扶辇下除，触柱折辕，劾大不敬，伏剑{自刎}，赐钱二百万以葬。	苏武传	2
舟楫	zhōu jí	写	词典	亦作舟檝；《诗．卫风．竹竿》桧楫松舟毛传楫所以棹舟，舟楫相配，得水而行	新华	假舆马者，非利足也，而致千里；假{舟楫}者，非能水也，而绝江河。	劝学	2
舳舻千里	zhú lú qiān lǐ	写	词典			{舳舻千里}，旌旗蔽空	赤壁赋	2
艾蒿	ài hāo	写	词典			插{艾蒿}、挂蒲剑、贴钟馗图	第四单元	2
节旄	jié máo	写	词典	旌节上所缀的牦牛尾饰物；指旌节	新华	杖汉节牧羊，卧起操持，{节旄}尽落。	苏武传	2
芷阳	zhǐ yáng	都考	课本	秦代县名，在今陕西西安东	课本	沛公则置车骑，脱身独骑，与樊哙、夏侯婴、靳强、纪信等四人持剑盾步走，从郦山下，道{芷阳}间行。	鸿门宴	2
苌弘化碧	cháng hóng huà bì	写	成语	苌弘周敬王的夫人，后蒙冤为人所杀，传说血化为碧玉	成语	人主莫不欲其臣之忠，而忠未必信，故伍员流于江，苌弘死于蜀，藏其血三年而化为碧。	《庄子·外物》	2
苍穹	cāng qióng	写	词典			“这个覆盖众生的{苍穹}	上图书馆	2
茕孑	qióng jié	写	词典	弧单	新华	外无期功强近之亲，内无应门五尺之僮，茕{茕孑}立，形影相吊。	陈情表	2
茕茕	qióng qióng	写	词典	孤单的样子	课本	外无期功强近之亲，内无应门五尺之僮，{茕茕}孑立，形影相吊。	陈情表	2
草窠	cǎo kē	写	词典	草盖的窝棚。指简陋的住屋；犹草丛	新华	再进去；果然，他躺在{草窠}	祝福	2
蓊郁	wěng yù	写	词典	亦作蓊欝；草木茂盛貌	新华	荷塘四面，长着许多树，蓊{蓊郁}郁的。	荷塘月色	2
蓦地	mò dì	写	词典			现在{蓦地}离开了群众	党费	2
蔺相如	lìn xiāng rú	写	词典	战国时期赵国大臣。赵惠文王时，秦向赵索要和氏璧	新华	并适当拓展阅读其他史传名篇（如《荆轲刺秦王》《信陵君窃符救赵》《廉颇{蔺相如}列传》等）	五代史伶官传序	2
蕙纕	huì rǎng	写	词典	香草作的佩带。系之以示芳洁忠正	新华	既替余以{蕙纕}兮，又申之以揽茝。	离骚（节选）	2
藩篱	fān lí	写	词典	比喻边疆上的屏障	课本	乃使蒙恬北筑长城而守{藩篱}，却匈奴七百余里；胡人不敢南下而牧马，士不敢弯弓而报怨。	过秦论	2
虞美人	yú měi rén	写	词典	①词牌名。原为唐代教坊曲名，后用为词牌。双调，五十六字或五十八字	新华			2
虱子	shī zi	写	词典	亦作虱子；哺乳动物的体外寄生虫	新华	看见王胡在那里赤着膊捉{虱子}	阿Q正传（节选）	2
虽有槁暴	suī yǒu gǎo pù	都考	课本	即使又晒干了	课本	{虽有槁暴}，不复挺者，輮使之然也。	劝学	2
蚂蚱	mà zhà	都考	词典	蝗虫	新华	梁头做成“桃尖梁头”或“{蚂蚱}头”	中国建筑的特征	2
蛟龙	jiāo lóng	写	词典			积土成山，风雨兴焉；积水成渊，{蛟龙}生焉；积善成德，而神明自得，圣心备焉。	劝学	2
蜉蝣	fú yóu	都考	课本	一种小飞虫，夏秋之交生在水边，生存期很短，古人说它朝生暮死	课本	寄{蜉蝣}于天地，渺沧海之一粟。	赤壁赋	2
螳螂	táng láng	写	词典	亦作螗螂；即螳蜋	新华	既入宫中，举天下所贡蝴蝶、{螳螂}、油利挞、青丝额一切异状遍试之，无出其右者。	促织	2
袅娜	niǎo nuó	都考	词典	亦作袅娜；细长柔美貌	新华	零星地点缀着些白花，有{袅娜}地开着的	荷塘月色	2
裨益	bì yì	写	词典			妻曰：“死何{裨益}？	促织	2
裴回	péi huí	写	词典	同“徘徊”	课本	可怜楼上月{裴回}，应照离人妆镜台。	春江花月夜	2
襁褓	qiǎng bǎo	写	词典	亦作襁緥。亦作襁葆；葆，通褓。背负婴儿用的宽带和包裹婴儿的被子◇亦泛指婴儿包	新华	小的还在{襁褓}之中。	大战中的插曲	2
言筌	yán quán	写	词典	《庄子．外物》﹕筌者所以在鱼，得鱼而忘筌……言者所以在意，得意而忘言	新华	它在不知不觉之中影响着我们，它之富于感染性启发性者在此，它之不落于{言筌}者也在此。	说“木叶”	2
讪讪	shàn shàn	写	词典	羞惭貌；难为情的样子	新华	{讪讪}地向她开口借被子了	百合花	2
讴歌	ōu gē	写	词典	亦作讴歌；歌唱	新华	{讴歌}了革命者和社会主义建设者意志坚定	在民族复兴的历史丰碑上	2
设身处地	shè shēn chǔ dì	读	成语	设设想。设想自己处在别人的那种境地。指替别人的处境着想	成语	体群臣也。”朱熹注体，谓设以身处其地而察其心也。	《礼记·中庸》	2
诙谐	huī xié	写	词典			能干、{诙谐}等优点	《红楼梦》	2
诣问	yì wèn	写	词典	前往叩问	新华			2
诨名	hùn míng	写	词典			而是货行里的人给他取的{诨名}	大卫·科波菲尔（节选）	2
调侃	tiáo kǎn	都考	词典					2
谏诤	jiàn zhèng	写	词典					2
谗人	chán rén	写	词典	进谗言之人	新华	屈平正道直行，竭忠尽智以事其君，{谗人}间之，可谓穷矣。	屈原列传	2
谗谄	chán chǎn	写	词典	谗毁和谄谀；好谗谮谄谀之人	新华	屈平疾王听之不聪也，{谗谄}之蔽明也，邪曲之害公也，方正之不容也，故忧愁幽思而作《离骚》。	屈原列传	2
谢公屐	xiè gōng jī	都考	课本	据《宋书·谢灵运传》，谢灵运游山，必到幽深高峻的地方，他备有一种特制的木屐，前后齿可装卸，上山时去掉前齿，下山时去掉后齿，以保持身体平衡	课本	脚著{谢公屐}，身登青云梯。	梦游天姥吟留别	2
谩嗟	mán jiē	写	词典	空叹。谩，通漫	新华	千古凭高对此，{谩嗟}荣辱。	桂枝香·金陵怀古	2
谪戍	zhé shù	写	词典	因有罪而被征调去守边	课本	非铦于钩戟长铩也；{谪戍}之众	过秦论	2
豁然开朗	huò rán kāi lǎng	读	成语	豁然形容开阔；开朗开阔明亮。从黑暗狭窄变得宽敞明亮。比喻突然领悟了一个道理	成语	极初狭，才通人。复行数十步，{豁然开朗}。	《桃花园记》	2
象笏	xiàng hù	都考	课本	象牙制的手板	课本	顷之，持一{象笏}至，曰：“此吾祖太常公宣德间执此以朝，他日汝当用之！”	项脊轩志	2
起伏跌宕	qǐ fú diē dàng	写	词典					2
越有难	yuè yǒu nàn	读	课本	指越人发兵侵吴	课本	{越有难}，吴王使之将。	五石之瓠	2
跬步	kuǐ bù	都考	课本	古代称跨出一脚为“跬”，跨出两脚为“步”	课本	故天子一{跬步}，皆关民命，不可忽也。	促织	2
踌躇满志	chóu chú mǎn zhì	写	成语	悠然自得，心满意足	课本	提刀而立，为之四顾，为之{踌躇满志}，善刀而藏之。”	庖丁解牛	2
蹄躈	tí qiào	都考	课本	也作“蹄噭”，蹄为脚，躈为肛门，噭为口，计算牲畜数量时，以四蹄加一窍（肛门或口）为五，算一头牲畜	课本	不数岁，田百顷，楼阁万椽，牛羊{蹄躈}各千计；一出门，裘马过世家焉。	促织	2
蹑足	niè zú	写	词典	置身，参与	课本	猗顿之富；{蹑足}行伍之间	过秦论	2
蹑迹	niè jì	写	词典	亦作蹑迹。亦作蹑迹；追踪;跟踪	新华	{蹑迹}披求，见有虫伏棘根。	促织	2
蹒跚	pán shān	写	词典	亦作c跚。亦作?跚。亦作蹒?；跛行貌	新华	都醉醺醺的在空中{蹒跚}	祝福	2
辇下	niǎn xià	写	词典	辇毂下的省称	新华	前长君为奉车，从至雍棫阳宫，扶{辇下}除，触柱折辕，劾大不敬，伏剑自刎，赐钱二百万以葬。	苏武传	2
辘辘远听	lù lù yuǎn tīng	写	词典	车声越听越远	课本	雷霆乍惊，宫车过也；{辘辘远听}，杳不知其所之也。	阿房宫赋	2
迁谪	qiān zhé	写	词典	官吏因罪降职并流放	课本	予出官二年，恬然自安，感斯人言，是夕始觉有{迁谪}意。	琵琶行并序	2
迂讷	yū nè	都考	课本	迂拙而又不善于言辞	课本	为人{迂讷}，遂为猾胥报充里正役，百计营谋不能脱。	促织	2
过蒙拔擢	guò méng bá zhuó	都考	课本	过分地受到提拔	课本	今臣亡国贱俘，至微至陋，{过蒙拔擢}，宠命优渥，岂敢盘桓，有所希冀。	陈情表	2
进谗	jìn chán	写	词典	在上级或长辈面前说人坏话乘机～	新华	我不喜欢那些背地里{进谗}言的人。”	装在套子里的人	2
远庖	yuǎn páo	写	词典	远离厨房。语出《礼记．玉藻》君子远庖厨，凡有血气之类，弗身践也	新华	是以君子{远庖}厨也。”	齐桓晋文之事	2
远眺	yuǎn tiào	写	词典	向远处看	新华			2
迥异	jiǒng yì	写	词典	大为不同两部作品，风格迥异	新华	面对某个事实或问题，评论的角度不同，文章面貌往往{迥异}。	芣苢	2
迷惘	mí wǎng	写	词典	迷惑失措；指蛊惑，使迷惑	新华	他承认他自己有些神经{迷惘}，可是绝口不肯说为了什么缘故。	哈姆莱特（节选）	2
迸发	bèng fā	写	词典	由内而外地突然发出一锤子打到岩石上，～了好些火星儿◇笑声从四面八方～出来	新华			2
逍遥游	xiāo yáo yóu	写	词典	《庄子》篇名	新华			2
逦迤	lǐ yǐ	都考	词典	连续不断	课本	鼎铛玉石，金块珠砾，弃掷{逦迤}，秦人视之，亦不甚惜。	阿房宫赋	2
逾庖而宴	yú páo ér yàn	写	词典	越过厨房去吃饭	课本	东犬西吠，客{逾庖而宴}，鸡栖于厅。	项脊轩志	2
遐想	xiá xiǎng	写	词典	漫无边际地想像闭目遐┫耄遐想云外寺	新华	在那静静的时刻，我充满了无限的{遐想}。	一名物理学家的教育历程	2
邋遢	lā tā	都考	词典			但那个{邋遢}的女人并不是他明媒正娶的妻子。	大卫·科波菲尔（节选）	2
邑庠	yì xiáng	写	词典	明清时称县学为邑庠	新华	又嘱学使俾入{邑庠}。	促织	2
鄱阳湖	pó yáng hú	写	词典	中国最大淡水湖。在江西省北部	新华			2
酒馔	jiǔ zhuàn	写	词典	犹酒食；借指酒席	新华	客到时，果品{酒馔}只顾将来，不必要问。”	林教头风雪山神庙	2
酾酒	shāi jiǔ	写	词典	斟酒	课本	旌旗蔽空，{酾酒}临江	赤壁赋	2
金樽	jīn zūn	写	词典	酒杯的美称	课本	人生得意须尽欢，莫使{金樽}空对月。	将进酒	2
金镂	jīn lòu	写	词典	在黄金器物上雕刻	新华	金车玉作轮，踯躅青骢马，流苏{金镂}鞍。	孔雀东南飞并序	2
钟鼓馔玉	zhōng gǔ zhuàn yù	写	成语	指击钟敲鼓，食用珍美的菜肴，代指富贵生活	课本	{钟鼓馔玉}不足贵，但愿长醉不愿醒。	将进酒	2
钱帛	qián bó	写	词典	金钱和丝织品，指聘礼	课本	受母{钱帛}多，不堪母驱使。	孔雀东南飞并序	2
铠甲	kǎi jiǎ	写	词典					2
银篦	yín bì	写	词典	古代妇女的一种银质首饰，亦可用以梳发	新华	钿头{银篦}击节碎，血色罗裙翻酒污。	琵琶行并序	2
铺张扬厉	pū zhāng yáng lì	读	成语	原指竭力铺陈渲染，力求发扬光大◇多形容过分讲究排场	成语	作为歌诗，荐之郊庙，纪泰山之封，镂白玉之牒，铺张对天之闳休，扬厉无前之伟绩。	《潮州刺史谢上表》	2
铿然	kēng rán	写	词典	形容敲击金石发出的响亮的声音	课本	石之{铿然}有声者，所在皆是也，而此独以钟名，何哉？	石钟山记	2
销锋镝	xiāo fēng dí	都考	课本	销毁兵器	课本	聚之咸阳，{销锋镝}	过秦论	2
长人者	zhǎng rén zhě	读	课本	做官的	课本	然吾居乡，见{长人者}好烦其令，若甚怜焉，而卒以祸。	种树郭橐驼传	2
门扉	mén fēi	写	词典	门扇	新华	妪又曰：“汝姊在吾怀，呱呱而泣；娘以指叩{门扉}曰：‘儿寒乎？	项脊轩志	2
阑干	lán gān	都考	词典			夜深忽梦少年事，梦啼妆泪红{阑干}。	琵琶行并序	2
阡陌	qiān mò	写	词典	①也作仟佰	新华	而倔起{阡陌}之中，率疲弊之卒	过秦论	2
阿剌	ā lá	写	词典	象声词∏叱声	新华	{阿剌}伯的烟具都不同	拿来主义	2
陈抟	chén tuán	写	词典			{陈抟}老祖写的；一边的对联已经脱落	祝福	2
隔阂	gé hé	写	词典	彼此情意不通，思想有距离感情～ㄧ消除～	新华	文字本身也造成新的社会{隔阂}	第四单元	2
雍容	yōng róng	写	词典			感受先秦诸子或{雍容}或犀利或雄奇或朴拙的论说风格	第二单元	2
雷霆	léi tíng	写	词典			{雷霆}乍惊，宫车过也；辘辘远听，杳不知其所之也。	阿房宫赋	2
青骢	qīng cōng	写	词典	毛色青白相杂的骏马	新华	金车玉作轮，踯躅{青骢}马，流苏金镂鞍。	孔雀东南飞并序	2
静女其姝	jìng nǚ qí shū	都考	课本	娴静的女子很漂亮	课本	{静女其姝}，俟我于城隅。	静女	2
靛青	diàn qīng	写	词典					2
鞭笞	biān chī	写	词典			执敲扑而{鞭笞}天下	过秦论	2
风乎舞雩	fēng hū wǔ yú	都考	课本	在舞雩台上吹吹风	课本	曰：“莫春者，春服既成，冠者五六人，童子六七人，浴乎沂，{风乎舞雩}，咏而归。”	子路、曾皙、冉有、公西华侍坐	2
香槟酒	xiāng bīn jiǔ	写	词典	法文champagne的音译。一种富含二氧化碳的起泡白葡萄酒	新华	托伐喝的{香槟酒}也不少。	玩偶之家（节选）	2
駃騠	jué tí	都考	课本	骏马名	课本	而骏良{駃騠}不实外厩	谏逐客书	2
马厩	mǎ jiù	写	词典	见马厩	新华			2
驽马十驾	nú mǎ shí jià	写	成语	劣马拉车走十天	课本	骐骥一跃，不能十步；{驽马十驾}，功在不舍。	劝学	2
高屋建瓴	gāo wū jiàn líng	写	成语	建倒水，泼水；瓴盛水的瓶子。把瓶子里的水从高层顶上倾倒。比喻居高临下，不可阻遏	成语	地势便利，其以下兵于诸侯，譬犹居高屋之上建瓴水也。	《史记·高祖本纪》	2
鸾回	luán huí	写	词典	见鸾回	新华	虎鼓瑟兮{鸾回}车，仙之人兮列如麻。	梦游天姥吟留别	2
鹪鹩	jiāo liáo	写	词典	鸟名。形小，体长约三寸。羽毛赤褐色，略有黑褐色斑点。尾羽短，略向上翘	新华	一粒沙和一个{鹪鹩}的卵都是同样地完美	自己之歌（节选）	2
鹰击长空	yīng jī cháng kōng	读	成语	指雄鹰振翅飞翔于辽阔的天空。亦比喻有雄心壮志的人在广阔的领域中施展自己的才能	成语	{鹰击长空}，鱼翔浅底，万类霜天竞自由。	沁园春·长沙	2
麋鹿	mí lù	写	词典	麋与鹿；即麋	新华	况吾与子渔樵于江渚之上，侣鱼虾而友{麋鹿}，驾一叶之扁舟，举匏樽以相属。	赤壁赋	2
黍离之悲	shǔ lí zhī bēi	写	词典	指故国残破的悲思	课本	千岩老人以为有{黍离之悲}也。	扬州慢	2
黑痣	hēi zhì	写	词典	皮肤的黑色或棕色斑点或乳头状突起，由黑色素细胞聚集而成	新华	我眼珠一转，一眼就看见在地铺上坐着的那位大嫂耳朵上那颗{黑痣}了。	党费	2
一技之长	yī jì zhī cháng	读	成语	技技能，本领；长擅长、长处。指有某种技能或特长	成语	愚兄平生漫骂无礼，然人有一才{一技之长}，一行一言之美，未尝不啧啧称道。	《郑板桥集·家书·淮安舟中寄舍弟墨》	1
一椽	yī chuán	写	词典	一条椽子。亦借指一间小屋	新华	租人家{一椽}破屋来住着	故都的秋	1
一目了然	yī mù liǎo rán	读	成语	目看；了然清楚，明白。一眼就看得很清楚	成语	可见按图索籍，三溪道路，{一目了然}。	《皇华考序》	1
一瞥	yī piē	写	词典	迅速地看一眼。常喻极短的时间；指短时间内看到的大略情况，常用作文章题目	新华	她单是{一瞥}他们，并不回答一句话。	祝福	1
一觞一咏	yī shāng yī yǒng	写	成语	觞古代盛酒器，借指饮酒；咏吟诗。旧指文人喝酒吟诗的聚会	成语	虽无丝竹管弦之盛，{一觞一咏}，亦足以畅叙幽情。	兰亭集序	1
一言难尽	yī yán nán jìn	读	成语	形容事情曲折复杂，不是一句话能说清楚的（用在不好的事）	成语	第一折我{一言难尽}，来探望你这歹孩儿索是远路风尘。	《虎头牌》	1
三更半夜	sān gēng bàn yè	读	成语	一夜分为五更，三更是午夜十二时。指深夜	成语	四人者（陈象舆、胡旦、董俨、梁灝）日夕会昌言第。京师为之语曰‘陈三更，董半夜’。	《宋史·赵昌言传》	1
三闾大夫	sān lǘ dà fū	都考	课本	官名	课本	渔父见而问之曰：“子非{三闾大夫}欤？	屈原列传	1
下箸	xià zhù	写	词典	亦作下筯；用筷子取食;吃	新华	否则，也如孔庙里的太牢一般，虽然与猪羊一样，同是畜生，但既经圣人{下箸}，先儒们便不敢妄动了。	阿Q正传（节选）	1
下颚	xià è	写	词典	脊椎动物的下颚骨，又称下颌；多数节肢动物口器的第二对附肢，也称小颚或下腮	新华	不过他的{下颚}却非常结实	变形记（节选）	1
不以为耻	bù yǐ wéi chǐ	读	成语	不认为是可耻的。指不知羞耻	成语	今墨劓{不以为耻}，斯民所以乱多治少也。	《邓析子·转辞》	1
不干不净	bù gān bù jìng	读	成语	指不洁净，肮脏。也指因忌讳而感觉不洁净。也可形容语文不文明	成语	第四十六回{不干不净}，也不知道毛病儿，买了来三日两日，又弄鬼掉猴的。	《红楼梦》	1
不霁	bù jì	写	词典	雨雪未晴；比喻脸色难看	新华	复道行空，{不霁}何虹？	阿房宫赋	1
东麓	dōng lù	写	词典	东边山脚	新华			1
丫髻	yā jì	写	词典	谓梳着丫形发髻；指丫形发髻	新华			1
中绳	zhòng shéng	读	课本	合乎木匠用来取直的墨线	课本	木直{中绳}，輮以为轮，其曲中规。	劝学	1
为国者	wéi guó zhě	读	课本	治理国家的人	课本	{为国者}无使为积威之所劫哉！	六国论	1
举酒属客	jǔ jiǔ zhǔ kè	读	课本	举起酒杯，劝客人饮酒	课本	{举酒属客}，诵明月之诗，歌窈窕之章。	赤壁赋	1
乍暖还寒	zhà nuǎn huán hán	读	课本	忽暖忽冷，天气变化无常	课本	{乍暖还寒}时候，最难将息。	声声慢	1
也欤	yě yú	写	词典	见也与	新华	巫医乐师百工之人，君子不齿，今其智乃反不能及，其可怪{也欤}！	师说	1
习以为常	xí yǐ wéi cháng	读	成语	习习惯。指某种事情经常去做，或某种现象经常看到，也就觉得很平常了	成语	将相多尚公主，王侯亦娶后族，故无妾媵，{习以为常}。”《逸周书·常训》民生而有习有常，以习为常。	《魏书·太武五王传》	1
了如指掌	liǎo rú zhǐ zhǎng	读	成语	了明白；指掌指着手掌。形容对事物了解得非常清楚，象把东西放在手掌里给人家看一样	成语	对中国精神{了如指掌}的德国人所译。	读书：目的和前提	1
五彩斑斓	wǔ cǎi bān lán	写	词典			我蹲在那里的一个小池边，为慢慢畅游于睡莲之间的{五彩斑斓}的鲤鱼所陶醉。	一名物理学家的教育历程	1
五羖	wǔ gǔ	写	词典	见五羖大夫	新华			1
亘古	gèn gǔ	写	词典			那时，太阳循着{亘古}不变的路途正越来越大，也越红。	我与地坛（节选）	1
亡矢遗镞	wáng shǐ yí zú	写	成语	损失箭和箭头。比喻军事上的细微损失	成语	秦无{亡矢遗镞}之费，而天下诸侯已困矣。	过秦论	1
亭皋	tíng gāo	写	词典	水边的平地晚风习习，漫步亭皋	新华	例如：“{亭皋}木叶下，陇首秋云飞。”	说“木叶”	1
亲昵	qīn nì	写	词典			孩子天真而又{亲昵}地叫了声：“爷爷！”	心有一团火，温暖众人心	1
人才济济	rén cái jǐ jǐ	读	成语	济济众多的样子。形容有才能的人很多	成语	济济有众，咸听朕命。	《书·大禹漠》	1
仄起	zè qǐ	写	词典	倾斜突起；近体诗的起句形式。指首句第二字为仄声	新华	北方人念阵字，总老像是层字，平平仄{仄起}来，这念错的歧韵，倒来得正好。	故都的秋	1
仓猝	cāng cù	写	词典			成{仓猝}莫知所救，顿足失色。	促织	1
仕宦	shì huàn	写	词典			阿母得闻之，零泪应声落：“汝是大家子，{仕宦}于台阁，慎勿为妇死，贵贱情何薄！	孔雀东南飞并序	1
仕籍	shì jí	写	词典	旧指记载官吏名籍的簿册	新华			1
以蠹贫	yǐ dù pín	都考	课本	因胥吏侵害而贫穷	课本	独是成氏子{以蠹贫}，以促织富，裘马扬扬。	促织	1
传为笑谈	chuán wéi xiào tán	读	成语	笑谈笑话；笑料。流传开去成为人们谈笑的资料	成语	公子虽愧恨，犹不知所题，折帖示仆。闻者{传为笑谈}。	《聊斋志异·嘉平公子》	1
伫立	zhù lì	写	词典	亦作伫立；久立	新华			1
伶仃孤苦	líng dīng gū kǔ	写	成语	伶仃孤独，没有依靠。孤单困苦，没有依靠	成语	零丁孤苦，至于成立。	《陈情表》	1
似曾相识	sì céng xiāng shí	读	成语	好象曾经见过。形容见过的事物再度出现	成语	词无可奈何花落去，{似曾相识}燕归来，小园香径独徘徊。	《浣溪沙》	1
佚之狐	yì zhī hú	都考	课本	郑国大夫	课本	{佚之狐}言于郑伯曰：“国危矣，若使烛之武见秦君，师必退。”	烛之武退秦师	1
佞人	nìng rén	写	词典					1
侍僮	shì tóng	写	词典	随身使唤的少年男仆	新华			1
信札	xìn zhá	写	词典	书信，信件	新华	这一夜，我烧掉了朋友们的旧{信札}，就和女人抱着孩子走在一个客栈里。	为了忘却的记念	1
修葺	xiū qì	写	词典	修理建筑物修葺房屋｜修葺城垒	新华	余稍为{修葺}，使不上漏。	项脊轩志	1
俯瞰	fǔ kàn	写	词典	俯视	新华			1
倏然	shū rán	写	词典	亦作倐然；迅疾貌	新华			1
倡女	chāng nǚ	读	课本	歌女	课本	问其人，本长安{倡女}，尝学琵琶于穆、曹二善才，年长色衰，委身为贾人妇。	琵琶行并序	1
倩影	qiàn yǐng	写	词典	俏丽的身影；青年女子照片的美称	新华	弯弯的杨柳的稀疏的{倩影}	荷塘月色	1
偃卧	yǎn wò	写	词典	仰卧，睡卧	新华	大的怪物{偃卧}在低处是徒然的	自己之歌（节选）	1
偌大	ruò dà	写	词典			一出来方觉世界{偌大}	秦腔	1
偕行	xié xíng	写	词典	共存;并行；一同出发;一起走	新华	王于兴师，修我甲兵，与子{偕行}。	无衣	1
僮仆	tóng pú	都考	词典	仆役	新华	{僮仆}欢迎，稚子候门。	归去来兮辞并序	1
僮约	tóng yuē	写	词典	汉王褒作《僮约》，记奴婢契约◇因以僮约泛称主奴契约或对奴仆的种种约束规定	新华	可是到汉朝已经指鼻涕了，王褒《{僮约}》里说：“目泪下，鼻涕长一尺。”	第八单元	1
儿女情长	ér nǚ qíng cháng	读	成语	指过分看重爱情	成语	中尤恨其儿女情多，风云气少。	《诗品》	1
兀傲	wù ào	写	词典	亦作兀妔；孤傲不羁	新华			1
兀那	wù nà	写	词典	指示代词。犹那，那个。可指人、地或事	新华	（刽子做喝科，云）{兀那}婆子靠后，时辰到了也。	窦娥冤（节选）	1
全军覆没	quán jūn fù mò	读	成语	整个军队全部被消灭。比喻事情彻底失败	成语	官军皆为其所败，荆南节度使张伯仪{全军覆没}。	《旧唐书·李希烈传》	1
六幺令	liù yāo lìng	写	词典	唐教坊曲名，后用为词牌。又名《六幺》、《绿腰》	新华			1
兰渚	lán zhǔ	写	词典	渚的美称；渚名。在浙江省绍兴市西南	新华			1
共其乏困	gōng qí fá kùn	读	课本	供给他们缺少的资粮	课本	若舍郑以为东道主，行李之往来，{共其乏困}，君亦无所害。	烛之武退秦师	1
兴会淋漓	xìng huì lín lí	读	成语	兴会兴致；淋漓酣畅，充盛。形容兴致很高，精神舒畅	成语	今我在戎行，曷言艺文事？慷慨每难免，{兴会淋漓}至。	《湖海诗社开征引》	1
兵痞	bīng pǐ	写	词典	亦称兵痞子；指在旧军队长期当兵、沾染恶习的人	新华	一个国民党{兵痞}来吃冰激凌	心有一团火，温暖众人心	1
冠者	guàn zhě	读	课本	成年人	课本	曰：“莫春者，春服既成，{冠者}五六人，童子六七人，浴乎沂，风乎舞雩，咏而归。”	子路、曾皙、冉有、公西华侍坐	1
冯虚御风	píng xū yù fēng	读	课本	凌空驾风而行	课本	浩浩乎如{冯虚御风}，而不知其所止；飘飘乎如遗世独立，羽化而登仙。	赤壁赋	1
凄怆	qī chuàng	写	词典	凄惨悲伤妙句寄凄怆｜心中无限凄怆	新华			1
准噶尔	zhǔn gá ěr	写	词典	清卫拉特蒙古四部之一。因部族首领以绰罗斯为姓，故又名绰罗斯部	新华			1
凋落	diāo luò	写	词典			这时我正从城里来，我看见这幅图像，觉得我随身带来的纷扰都变成深秋的黄叶，自然而然地{凋落}了。	一个消逝了的山村	1
凫水	fú shuǐ	写	词典			“打沉了，我也会{凫水}捞东西，我管保比他们水式好，再深点儿我也不怕！”	小二黑结婚（节选）	1
凭眺	píng tiào	写	词典	在高处靠着栏杆望远(多指观赏风景)背面开窗临河，有栏可凭眺｜他曾由嘉兴来看过我一次，并约我去游南湖，凭眺过那儿的烟雨楼	新华			1
凭阑	píng lán	写	词典	见凭栏	新华	妾身千万难”（元姚燧《越调·{凭阑}人·寄征衣》）证明推理和抒情也可以完美结合……任务	二运用有效的推理形式	1
凶神恶煞	xiōng shén è shà	读	成语	原指凶恶的神◇用来形容非常凶恶的人	成语	第三折又犯着金神七煞上路，又犯着太岁，遭这般{凶神恶煞}，必然板僵身死了也。	《桃花女》	1
出类拔萃	chū lèi bá cuì	写	成语	拔超出；类同类；萃原为草丛生的样子，引伸为聚集。超出同类之上。多指人的品德才能	成语	出于其类，拔乎其萃，自生民以来，未有盛于孔子也。	《孟子·公孙丑上》	1
切磋	qiē cuō	都考	词典	见切磋琢磨	新华	三是“求于友”，与师友{切磋}交流	天文学上的旷世之争	1
制芰	zhì jì	写	词典	以芰荷之叶裁制衣裳。指象征芳洁的隐者之服。语出《楚辞．离骚》制芰荷以为衣兮	新华	{制芰}荷以为衣兮，集芙蓉以为裳。	离骚（节选）	1
剽掠其人	piāo lüè qí rén	都考	课本	从百姓那里抢来	课本	燕赵之收藏，韩魏之经营，齐楚之精英，几世几年，{剽掠其人}，倚叠如山。	阿房宫赋	1
劾大不敬	hé dà bù jìng	都考	课本	被判决为“大不敬”	课本	前长君为奉车，从至雍棫阳宫，扶辇下除，触柱折辕，{劾大不敬}，伏剑自刎，赐钱二百万以葬。	苏武传	1
勖率	xù lǜ	写	词典	亦作勖率；勉力遵循	新华			1
匏樽	páo zūn	都考	课本	用葫芦做成的酒器	课本	况吾与子渔樵于江渚之上，侣鱼虾而友麋鹿，驾一叶之扁舟，举{匏樽}以相属。	赤壁赋	1
匡世	kuāng shì	写	词典	挽救世道;扶正世道	新华	古往今来，众多仁人志士自觉承担{匡世}济民的责任，积极建言献策，勇于变法图强。	第八单元	1
匡正	kuāng zhèng	写	词典					1
千仞	qiān rèn	写	词典	形容极高或极深。古以八尺为仞	新华			1
千山万壑	qiān shān wàn hè	写	成语	壑山沟。山峦连绵，高低重迭	成语	群山万壑赴京门，生长明妃尚有村。	《咏怀古迹五首》	1
卢纶	lú lún	写	词典			灯下白头人”（司空曙《喜外弟{卢纶}见宿》）中的黄叶	说“木叶”	1
卷帙	juàn zhì	都考	词典			在它数以千计的{卷帙}里面，绝大多数我一点不感兴趣，也永远不会再感兴	读书：目的和前提	1
厚古薄今	hòu gǔ bó jīn	读	成语	厚推崇，重视；薄轻视，怠慢。推崇古代的，轻视现代的。多用于学术研究方面	成语	夫尊古而卑今，学者之流也。	《庄子·外物》	1
县丞	xiàn chéng	写	词典	官名。秦汉于诸县置丞，以佐令长，历代因之	新华			1
参差不齐	cēn cī bù qí	读	成语	参差长短、高低不齐。形容水平不一或很不整齐	成语	参差荇菜，左右采之。”汉·扬雄《法言·序目》国君将相，卿士名臣，{参差不齐}，一概诸圣。	《诗经·周南·关雎》	1
参省乎己	cān xǐng hū jǐ	读	课本	对自己检查、省察	课本	故木受绳则直，金就砺则利，君子博学而日{参省乎己}，则知明而行无过矣。	劝学	1
只争朝夕	zhǐ zhēng zhāo xī	读	成语	朝早晨；夕晚上；朝夕形容时间短暂。比喻抓紧时间，力争在最短的时间内达到目的	成语	天地转，光阴迫。一万年太久，{只争朝夕}。	《满江红·和郭沫若同志》	1
叱骂	chì mà	写	词典			在师傅和地主的{叱骂}声里过着日子。	大堰河——我的保姆	1
叹为观止	tàn wéi guān zhǐ	读	成语	叹赞赏；观止看到这里就够了。指赞美所见到的事物好到了极点	成语	我曾试图用级进原理来解释蜜蜂那令人{叹为观止}的建筑能力。	自然选择的证明	1
同仇敌忾	tóng chóu dí kài	写	成语	同仇共同对敌；敌对抗，抵拒；忾愤怒。指全体一致痛恨敌人	成语	修我戈矛，与子同仇。”《左传·文公四年》诸侯敌王所忾，而献其功。	《诗经·秦风·无衣》	1
名闻遐迩	míng wén xiá ěr	写	成语	名声传扬到各地，形容名声很大	成语	奚斤辨捷智谋，{名闻遐迩}。	《魏书·崔浩传》	1
后裔	hòu yì	写	词典					1
吐蕃	tǔ bō	都考	词典	公元七至九世纪，我国古代藏族所建政权	新华			1
吮咂	shǔn zā	写	词典	犹吮吸	新华	大人小孩都津津有味地{吮咂}着可口的绿色失眠小公鸡	百年孤独（节选）	1
呕哑嘲哳	ōu yā zhāo zhā	都考	课本	指声音嘈杂刺耳	课本	岂无山歌与村笛，{呕哑嘲哳}难为听。	琵琶行并序	1
呢喃	ní nán	都考	词典			它获得了只有在朋友和情侣间才被允许的耳边{呢喃}的距离	第四单元	1
呱呱坠地	gū gū zhuì dì	写	词典	形容婴儿出生或事物问世	成语	第三章尔{呱呱坠地}，无几月，即生父见背。	《断鸿零雁记》	1
呱呱而泣	gū gū ér qì	写	词典			妪又曰：“汝姊在吾怀，{呱呱而泣}；娘以指叩门扉曰：‘儿寒乎？	项脊轩志	1
呺然	xiāo rán	都考	课本	内中空虚而宽大的样子	课本	非不{呺然}大也，吾为其无用而掊之。”	五石之瓠	1
呼天抢地	hū tiān qiāng dì	读	成语	抢地触地。大声叫天，用头撞地。形容极度悲伤	成语	第四十回肖云仙{呼天抢地}，晶尽礼，治办丧事，十分尽心。	《儒林外史》	1
咂嘴	zā zuǐ	写	词典			大概也是轻易不大见油盐，两个大眼骨碌碌地瞪着那一堆堆的咸菜，馋得不住地{咂嘴}巴。	党费	1
咆哮	páo xiāo	写	词典					1
咔嚓	kā chā	都考	词典	同‘喀嚓’	新华	老人看着它张开了嘴，看着它那怪异的眼睛，看着它牙齿发出{咔嚓}一声，朝着鱼尾巴上方的肉扑咬过去。	老人与海（节选）	1
咬啮	yǎo niè	写	词典	咬。比喻缠住不放，再三恳求	新华	听到几张鱼嘴{咬啮}的声响	老人与海（节选）	1
咯咯	gē gē	写	词典			很长一段时间这些遗骨在家中到处碍事，总在意想不到的地方出现，像母鸡抱窝似的{咯咯}作响。	百年孤独（节选）	1
咯噔	gē dēng	写	词典	象声词从楼梯上传来了～～的皮靴声ㄧ听说厂里出了事儿，我心里～一下子，腿都软了	新华	但是，好像在粗鲁地回答他的问题似的，隔壁房间里的协理坚定地走了几步，他的皮靴{咯噔}作响。	变形记（节选）	1
哐啷	kuāng lāng	写	词典	象声词，形容器物撞击的声音他回身把门～一声关上了	新华	他的两条长腿灵巧地向上一跨就上了车，接着一阵叽里{哐啷}，绿色的车门就在姑娘们面前沉重地合上了。	哦，香雪	1
哔叽	bì jī	写	词典	一种纺织品。斜纹，表面光洁，质地较厚而软	新华	沙发、扑克、{哔叽}	第八单元	1
哽咽	gěng yè	都考	词典	哭时不能痛快地出声。也作梗咽	新华	府吏默无声，再拜还入户，举言谓新妇，{哽咽}不能语：“我自不驱卿，逼迫有阿母。	孔雀东南飞并序	1
唧唧哝哝	jī jī nóng nóng	写	词典	低声说话而絮叨不休	新华	邻近的女人们都跑来看，挤了半院，{唧唧哝哝}说：“看看！	小二黑结婚（节选）	1
商榷	shāng què	写	词典			他们的论证是否有可{商榷}之处？	五代史伶官传序	1
啧啧	zé zé	写	词典	象声词。形容声音轻细。多指鸟虫鸣声；叹词。表示赞叹、叹息、惊异等	新华	咱们香雪，天生一副好皮子，再照火车上那些闺女的样儿，把头发烫成弯绕绕，{啧啧}！	哦，香雪	1
啮雪	niè xuě	写	词典	谓嚼雪以止渴充饥。常比喻生活极端艰苦而坚贞不屈	新华	天雨雪，武卧{啮雪}，与旃毛并咽之，数日不死。	苏武传	1
善谏	shàn jiàn	写	词典	良好的规劝；谓善于规劝	新华			1
喋喋	dié dié	写	词典			你的浪花的{喋喋}，带到森林	致大海	1
喋血	dié xuè	写	词典			况且始终微笑着的和蔼的刘和珍君，更何至于无端在府门前{喋血}呢？	记念刘和珍君	1
喑哑	yīn yǎ	写	词典	哑巴，口不能言；谓沉默不语	新华	那{喑哑}的声音，那深渊之歌	致大海	1
喧阗	xuān tián	写	词典	亦作喧填。亦作喧嗔；喧哗，热闹	新华	在小教场迎春，锣鼓{喧阗}大热闹	边城（节选）	1
嗖嗖	sōu sōu	写	词典	象声词	新华	裙子发出{嗖嗖}的响声——妹妹怎么那么快就穿好了衣服？	变形记（节选）	1
嗟叹	jiē tàn	写	词典	叹息～不已	新华	举手拍马鞍，{嗟叹}使心伤：“自君别我后，人事不可量。	孔雀东南飞并序	1
嗟怨	jiē yuàn	写	词典	嗟叹怨恨	新华	（正旦唱）【叨叨令】可怜我孤身只影无亲眷，则落的吞声忍气空{嗟怨}。	窦娥冤（节选）	1
嗥叫	háo jiào	写	词典			刚过黄昏，野狗便四出寻食，有时远远在山沟里，有时近到墙外，做出种种求群求食的{嗥叫}的声音。	一个消逝了的山村	1
嘁嘁喳喳	qī qī zhā zhā	写	成语	低声议论，搬弄是非	成语	小妇人的{嘁嘁喳喳}，又何尝不可以消闲。	《准风月谈·归厚》	1
嘈嘈切切	cáo cáo qiē qiē	都考	词典	象声词。形容重浊与轻细的乐器声错杂喧响；象声词。形容杂乱的声音	新华	{嘈嘈切切}错杂弹，大珠小珠落玉盘。	琵琶行并序	1
嘟哝	dū nóng	写	词典			果然，他一边走，一边跟我{嘟哝}起来了。	百合花	1
嘟囔	dū nāng	写	词典			“北京话”陷在姑娘们的包围圈里，不知所措地{嘟囔}着。	哦，香雪	1
囿于见闻	yòu yú jiàn wén	写	词典			但是至少需要三人，不然会{囿于见闻}，不符合真实情况。	第四单元	1
圭臬	guī niè	写	词典			被后人奉为中国古代历法的{圭臬}的《太初历》	天文学上的旷世之争	1
坚如磐石	jiān rú pán shí	写	成语	坚坚固，结实；磐大石头。象大石头一样坚固。比喻不可动摇	成语	磐石方且厚，可以卒千年。”《文选·古诗十九首》良无磐石固，虚名复何有？	《孔雀东南飞》	1
坟茔	fén yíng	写	词典	①坟墓。②坟地	新华			1
垓下歌	gāi xià gē	写	词典					1
垝垣	guǐ yuán	都考	课本	残破的墙	课本	乘彼{垝垣}，以望复关。	氓	1
埏埴	shān zhí	都考	课本	和泥（制作陶器）	课本	{埏埴}以为器，当其无，有器之用。	《老子》四章	1
堂倌	táng guān	写	词典	旧称酒楼、餐馆、茶肆等中的服务人员堂倌见进来四条大汉	新华			1
塞翁失马	sài wēng shī mǎ	读	成语	塞边界险要之处；翁老头。比喻一时虽然受到损失，也许反而因此能得到好处	成语	但真所谓“{塞翁失马}安知非福”罢，阿Q不幸而赢了一回，他倒几乎失败了。	阿Q正传（节选）	1
塾师	shú shī	写	词典	旧时私塾的教师	新华			1
墐户	jìn hù	写	词典	涂塞门窗孔隙	新华			1
墙垣	qiáng yuán	写	词典	亦作墙垣；墙壁	新华			1
壕沟	háo gōu	写	词典					1
外厩	wài jiù	写	词典	宫外的马舍	新华	而骏良駃騠不实{外厩}	谏逐客书	1
外铄	wài shuò	写	词典	犹外力	新华			1
夙兴夜寐	sù xīng yè mèi	写	成语	夙早；兴起来；寐睡。早起晚睡。形容勤奋	成语	{夙兴夜寐}，靡有朝矣。	氓	1
大有作为	dà yǒu zuò wéi	读	成语	作为做出成绩。能够极大地发挥作用，作一番贡献	成语	故将大有为之君，必有所不召之臣，欲有谋焉则就之。”朱熹集注大有为之君，{大有作为}，非常之君也。	《孟子·公孙丑下》	1
大难临头	dà nàn lín tóu	读	成语	难灾祸；临来到。大祸落到头上	成语	他仿佛已经有什么{大难临头}似的，说话有些口吃了，声音也发着抖。	《彷徨·弟兄》	1
奄奄一息	yǎn yǎn yī xī	写	成语	奄奄呼吸微弱的样子。只剩下一口气。形容临近死亡	成语	第八十七回惠王亲往问疾，见痤病势已重，{奄奄一息}。	《东周列国志》	1
奇葩	qí pā	写	词典	珍奇的花；喻出众的作品	新华	目睹了钟扬在收学生时的不少“{奇葩}”事儿。	“探界者”钟扬	1
奏刀騞然	zòu dāo huō rán	都考	课本	进刀时发出“騞”的声音	课本	庖丁为文惠君解牛，手之所触，肩之所倚，足之所履，膝之所踦，砉然向然，{奏刀騞然}，莫不中音。	庖丁解牛	1
奴颜婢膝	nú yán bì xī	写	成语	奴颜奴才的脸，满面谄媚相；婢膝侍女的膝，常常下跪。指表情和动作奴才相十足	成语	以奴颜婢睐者为晓解当世。	《抱扑子·交际》	1
如履薄冰	rú lǚ bó bīng	读	成语	履践、踩在上面。象走在薄冰上一样。比喻行事极为谨慎，存有戒心	成语	战战兢兢，如临深渊，{如履薄冰}。	《诗·小雅·小昮》	1
如鲠在喉	rú gěng zài hóu	写	成语	鱼骨头卡在喉咙里。比喻心里有话没有说出来，非常难受	成语			1
妃嫔媵嫱	fēi pín yìng qiáng	都考	课本	指六国王侯的宫妃	课本	{妃嫔媵嫱}，王子皇孙，辞楼下殿，辇来于秦。	阿房宫赋	1
妞妞	niū niū	写	词典	对女孩儿的昵称	新华	小□妞不卖{妞妞}啦？	茶馆（节选）	1
妞子	niū zi	写	词典			“乖{妞子}，咱不要	党费	1
妾身	qiè shēn	写	词典	旧时女子谦称自己	新华	{妾身}千万难”（元姚燧《越调·凭阑人·寄征衣》）证明推理和抒情也可以完美结合……任务	二运用有效的推理形式	1
姹紫嫣红	chà zǐ yān hóng	写	成语	姹、嫣娇艳。形容各种花朵娇艳美丽	成语	【皂罗袍】原来{姹紫嫣红}开遍，似这般都付与断井颓垣。	游园	1
娇嗔	jiāo chēn	写	词典	佯装生气的娇态	新华	有人朝车厢指点，不时能听见她们由于互相捶打而发出的一两声{娇嗔}的尖叫。	哦，香雪	1
娉娉袅袅	pīng pīng niǎo niǎo	写	词典	见娉娉褭褭	新华			1
娴雅	xián yǎ	写	词典	文静大方举止娴雅｜仪态娴雅	新华			1
娼妇	chāng fù	写	词典	妓女；用做辱骂妇女的詈词	新华	涂脂抹粉的{娼妇}的脸，还不及掩藏在虚伪的言辞后面的我的行为更丑恶。	哈姆莱特（节选）	1
婀娜	ē nuó	都考	词典			青雀白鹄舫，四角龙子幡，{婀娜}随风转。	孔雀东南飞并序	1
婢妾	bì qiè	写	词典	妾与使女	新华			1
媛女	yuàn nǚ	写	词典	美女	新华			1
嫡亲	dí qīn	写	词典					1
嫣然	yān rán	写	词典	美好貌；娇媚的笑态	新华	不过，她从衣衫上看出他是个有钱人，就{嫣然}一笑。	复活（节选）	1
嬉游	xī yóu	写	词典	见嬉游	新华	梁元帝《采莲赋》里说得好：可见当时{嬉游}的光景了。	荷塘月色	1
嬉闹	xī nào	写	词典	嬉笑打闹	新华	弟与哥嫂可以{嬉闹}无常	秦腔	1
嬷嬷	mā mā	写	词典			敲锣买糖……”或是唱着：“月亮{嬷嬷}	百合花	1
子嗣	zi sì	写	词典					1
子胥	zi xū	写	词典	春秋楚大夫伍员的字。楚平王杀其父奢兄尚，其经宋郑入吴，助阖庐夺取王位，整军经武	新华	所以《战国策》里说伍{子胥}“坐行蒲服	第八单元	1
孜孜不倦	zī zī bù juàn	写	成语	孜孜勤勉，不懈怠。指工作或学习勤奋不知疲倦	成语	从此我便{孜孜不倦}地搜寻大厅中那一个个高高的书架	读书：目的和前提	1
孜孜以求	zī zī yǐ qiú	写	成语	孜孜勤勉的样子。不知疲倦地探求	成语	写袁隆平就要突出他{孜孜以求}的精神，写他坚持真理、不断创新的研究历程。	芣苢	1
孤身只影	gū shēn zhī yǐng	读	成语	孤零零的一个人。形容孤儿无亲	成语	第三折可怜我{孤身只影}无亲眷，则落的吞声忍气空嗟怨。	《窦娥冤》	1
孱头	càn tóu	写	词典	卑劣怯懦的人。形容人品下劣懦怯	新华	是{孱头}；勃然大怒	拿来主义	1
守藩	shǒu fān	写	词典	指王侯驻守其封地。亦指受封为王侯	新华	乃使蒙恬北筑长城而{守藩}篱，却匈奴七百余里；胡人不敢南下而牧马，士不敢弯弓而报怨。	过秦论	1
安然无恙	ān rán wú yàng	写	成语	恙病。原指人平安没有疾病。现泛指事物平安未遭损害	成语	岁亦无恙耶？民亦无恙耶？王亦无恙耶？。	《战国策·齐策》	1
安谧	ān mì	写	词典			地遵循的规律在性质上则属于“方”，{安谧}静止。	天文学上的旷世之争	1
审时度势	shěn shí duó shì	读	成语	审仔细研究；时时局；度估计；势发展趋势。观察分析时势，估计情况的变化	成语	刘欲毕试以完大典，俱{审时度势}，切中事理。	《万历野获编·乡试遇水火灾》	1
宽宥	kuān yòu	写	词典	宽恕；饶恕	新华	但是，正是这种情况不明令其他人困惑，并使他们的态度得到{宽宥}。	变形记（节选）	1
寒噤	hán jìn	写	词典	因受冷或受惊而身体颤动打～	新华	我身不由己地打了一个{寒噤}	长征胜利万岁	1
对峙	duì zhì	写	词典	相对而立两山～◇两军～（相持不下）	新华			1
对牛弹琴	duì niú tán qín	读	成语	讥笑听话的人不懂对方说得是什么。用以讥笑说话的人不看对象	成语	公明仪为牛弹清角之操，伏食如枚。非牛不闻，不合其耳矣。	《理惑论》	1
尧舜	yáo shùn	写	词典	唐尧和虞舜的并称。远古部落联盟的首领。古史传说中的圣明君主	新华			1
尺牍	chǐ dú	写	词典			音乐绘画、书法{尺牍}	《红楼梦》	1
尽心竭力	jìn xīn jié lì	读	成语	尽全部用出；竭用尽。用尽心思，使出全力。形容做事十分努力	成语	行此六者，谓之有利，故得师尽其心，竭其力，致其命。	《忠经·武备章》	1
屠戮	tú lù	写	词典	亦作屠僯；杀戮，杀害	新华	中国军人的{屠戮}妇婴的伟绩，八国联军的惩创学生的武功，不幸全被这几缕血痕抹杀了。	记念刘和珍君	1
屠格涅夫	tú gé niè fū	写	词典	(ивансергеевичтур钵鸳支擐支樱1818-1883)俄国作家	新华	受过{屠格涅夫}和谢德林的陶冶	装在套子里的人	1
山麓	shān lù	写	词典			那时在湖南一所偏僻山村农校──湘西雪峰{山麓}的安江农校任教的青年袁隆平便下定决心	喜看稻菽千重浪	1
岁月蹉跎	suì yuè cuō tuó	写	成语	指无所作为地把时间荒废掉了	成语	倘我不能报复而死，埋没了龙家的豹韬，枉蹉跎岁月一死鸿毛。	《灌园记·君后授衣》	1
岑参	cén cān	写	词典					1
峒人	dòng rén	写	词典	旧称西南地区聚居于山区的少数民族	新华	全茶{峒人}就吃了午饭	边城（节选）	1
崔嵬	cuī wéi	写	词典	①有石的土山陟彼崔嵬。②高耸的样子冠切云之崔嵬｜古老的泰山越发显得崔嵬了	新华	剑阁峥嵘而{崔嵬}，一夫当关，万夫莫开。	蜀道难	1
巉岩	chán yán	都考	课本	高而险的山岩	课本	畏途{巉岩}不可攀。	蜀道难	1
州郡	zhōu jùn	写	词典	州和郡的合称。亦泛指地方上；指州郡的长官	新华			1
布幔	bù màn	写	词典	布制的帷幕；古代守城用具	新华			1
席篾儿	xí miè ér	写	词典	即细篾儿	新华			1
幡然	fān rán	写	词典					1
干净利落	gān jìng lì luò	读	成语	利落灵活敏捷，也指整齐，有条理。形容没有多余的东西。令人爽心悦目	成语	不是老人家，谁能这样{干净利落}。	《李家庄的变迁·十二》	1
应运而生	yìng yùn ér shēng	读	成语	应顺应；运原指天命，泛指时机。旧指应天命而产生。现指适应时机而产生	成语	实天生德，应运建主。	《汉纪·后序》	1
府尹	fǔ yǐn	写	词典	官名。始于汉代之京兆尹。一般为京畿地区的行政长官	新华			1
度长絜大	duó cháng xié dà	都考	课本	量量长短，比比大小	课本	试使山东之国与陈涉{度长絜大}，比权量力，则不可同年而语矣。	过秦论	1
廊腰缦回	láng yāo màn huí	都考	课本	走廊萦绕曲折	课本	五步一楼，十步一阁；{廊腰缦回}，檐牙高啄；各抱地势，钩心斗角。	阿房宫赋	1
延宕	yán dàng	写	词典	拖延延宕多日，迟复为歉	新华	向他们追索{延宕}未纳的贡物	哈姆莱特（节选）	1
引以为戒	yǐn yǐ wéi jiè	读	成语	引用；戒鉴戒。指把过去犯错误的教训拿来作为警戒，避免重犯	成语	人之求多闻善败，以鉴戒也。	《国语·楚语下》	1
引吭高歌	yǐn háng gāo gē	读	成语	引拉长；吭嗓子，喉咙。放开嗓子大声歌唱	成语	她们{引吭高歌}的时候，曳声很长，抑扬起落。	《醉后》	1
弩弓	nǔ gōng	写	词典	古代一种利用机械力量射箭的弓	新华			1
强聒	qiáng guā	写	词典	亦作强聒；唠叨不休	新华	虽欲{强聒}，终必不蒙见察，故略上报，不复一一自辨。	答司马谏议书	1
彀中	gòu zhōng	写	词典	箭能射及的范围，比喻牢笼．圈套入我～	新华			1
形容枯槁	xíng róng kū gǎo	写	成语	枯槁枯萎，枯干。身体瘦弱，精神萎靡，面色枯黄	成语	屈原至于江滨，被发行吟泽畔，颜色憔悴，{形容枯槁}。	屈原列传	1
彪炳	biāo bǐng	写	词典	文采焕发；照耀～青史ㄧ～千古	新华	篇之{彪炳}，章无疵也；章之明靡，句无玷也；句之清英，字不妄也。”	第八单元	1
彼恶知之	bǐ wū zhī zhī	读	课本	他们怎么知道呢？	课本	以小易大，{彼恶知之}？	齐桓晋文之事	1
徕服	lái fú	写	词典	谓生来适应本地水土气候。《楚辞．九章．橘颂》后皇嘉树，橘徕服兮	新华	其实“树”倒是常见的，例如屈原在《橘颂》里就说：“后皇嘉树，橘{徕服}兮。”	说“木叶”	1
徜徉	cháng yáng	写	词典			在对大地山川、风物美景的描写中{徜徉}，既可以受到美的熏陶，又能够领会深厚的人文内涵。	第七单元	1
心旌	xīn jīng	写	词典	喻不宁静的心神	新华			1
心神恍惚	xīn shén huǎng hū	写	成语	恍惚神志不清，精神不集中。形容精神不集中或神志不清楚	成语	自虚{心神恍惚}，未敢遽前扪撄。	《东阳夜怪录》	1
忏悔录	chàn huǐ lù	写	词典	自传体长篇小说。法国卢梭作于1781-1788年。共两部	新华			1
忸怩不安	niǔ ní bù ān	写	成语	忸怩羞惭的样子。不好意思。心里慌乱	成语	七在屠维岳的锋芒逼人的眼光下，这张长方脸儿上渐渐显现了{忸怩不安}的气色。	《子夜》	1
怅然若失	chàng rán ruò shī	写	成语	怅然形容不如意、不痛快。象失去什么似的烦恼不快	成语	令读者切身感受到阿Q的{怅然若失}。	茶馆（节选）	1
怆然	chuàng rán	写	词典			予怀{怆然}，感慨今昔，因自度此曲。	扬州慢	1
怏怏	yàng yàng	写	词典	不服气或闷闷不乐的神情	新华	翠翠着了恼，把火炬向路两旁乱晃着，向前{怏怏}地走去了。	边城（节选）	1
怵惕恻隐	chù tì cè yǐn	写	词典			皆有{怵惕恻隐}之心	人皆有不忍人之心	1
怵然	chù rán	都考	课本	戒惧的样子	课本	虽然，每至于族，吾见其难为，{怵然}为戒，视为止，行为迟，动刀甚微。	庖丁解牛	1
恁地	nèn dì	写	词典					1
恁的	nèn de	写	词典	见恁地	新华	回头看时，差拨正爬将起来要走，林冲按住喝道：“你这厮原来也{恁的}歹，且吃我一刀！”	装在套子里的人	1
患难与共	huàn nàn yǔ gòng	读	成语	共同承担危险和困难。指彼此关系密切，利害一致	成语	儒有闻善以相告也，见善以礼相示也，爵位相先也，患难相死也。	《礼记·儒行》	1
悲怆	bēi chuàng	写	词典			伴随着物种灭绝与衰落的{悲怆}。”	“探界者”钟扬	1
悲恸	bēi tòng	写	词典					1
惊诧	jīng chà	写	词典	惊讶诧异这是意料中的事，我们并不感到～	新华	待神志镇定之后，这位鲤鱼“科学家”就会讲述一个真正令它们{惊诧}不已的传奇故事。	一名物理学家的教育历程	1
惙然	chuò rán	都考	课本	气息微弱的样子	课本	近抚之，气息{惙然}。	促织	1
惬意	qiè yì	写	词典	心情舒畅；称意惬意而归｜这次考上的大学正是我所喜欢的，十分惬意	新华	日子不那么{惬意}了	党费	1
惭怍	cán zuò	写	词典			成视之，庞然修伟，自增{惭怍}，不敢与较。	促织	1
惴恐	zhuì kǒng	写	词典	恐惧	新华	将献公堂，惴{惴恐}不当意，思试之斗以觇之。	促织	1
愀然	qiǎo rán	都考	课本	容色改变的样子	课本	苏子{愀然}，正襟危坐而问客曰：“何为其然也？”	赤壁赋	1
愆期	qiān qī	都考	课本	拖延婚期	课本	匪我{愆期}，子无良媒。	氓	1
意味深长	yì wèi shēn cháng	读	成语	意味情调，趣味。意思含畜深远，耐人寻味	成语	读之愈久，但觉{意味深长}。	《河南程氏遗书》	1
慵堕	yōng duò	写	词典	见慵惰	新华	罗隐《寄渭北徐从事》：“暖云{慵堕}柳垂条，骢马徐郎过渭桥。”	说“木叶”	1
戍守	shù shǒu	写	词典	驻守，守卫	新华			1
戏谑	xì xuè	写	词典	打趣；开玩笑善戏谑兮不为虐兮｜新房里充满戏谑的笑声	新华			1
戕害	qiāng hài	写	词典	残害；指伤害	新华	没有爱的阅读，没有敬重的知识，没有心的教养，是{戕害}性灵的最严重的罪过之一。	读书：目的和前提	1
戮力	lù lì	都考	课本	合力	课本	“臣与将军{戮力}而攻秦	鸿门宴	1
扃牖	jiōng yǒu	都考	课本	关上窗户	课本	余{扃牖}而居，久之，能以足音辨人。	项脊轩志	1
手镯	shǒu zhuó	写	词典	用金、银、玉等制成，套在手腕上的环形装饰品	新华			1
打瞌睡	dǎ kē shuì	写	词典	亦作打磕睡；打盹	新华	但是在做夜班的时候，{打瞌睡}是不会有的。	包身工	1
执笏	zhí hù	写	词典	拿着笏板。古时臣下朝见君王或臣僚相见时，手持玉石、象牙或竹、木的手板为礼；称臣	新华			1
扪参历井	mén shēn lì jǐng	都考	课本	意思是，山高入天，由秦入蜀的人在山上，可以用手触摸到星宿，甚至可以从中穿过	课本	{扪参历井}仰胁息，以手抚膺坐长叹。	蜀道难	1
抚膺	fǔ yīng	写	词典	捶胸。表示悲痛、愤恨或慨叹抚膺大恸｜以手抚膺坐长叹	新华	扪参历井仰胁息，以手{抚膺}坐长叹。	蜀道难	1
抢呼欲绝	qiāng hū yù jué	读	课本	头撞地，口呼天，几乎要绝命，形容十分悲痛	课本	既得其尸于井，因而化怒为悲，{抢呼欲绝}。	促织	1
抨击	pēng jī	写	词典	用文字或言语来严厉驳斥、攻击抨击谬论	新华			1
拊掌	fǔ zhǎng	都考	课本	拍手	课本	阿母大{拊掌}，不图子自归	孔雀东南飞并序	1
拐弯抹角	guǎi wān mò jiǎo	读	成语	抹角挨墙角绕过。沿着弯弯曲曲的路走。比喻说话绕弯，不直截了当	成语	第一折转变抹角，可早来到李家门首。	《东堂老》	1
拮据	jié jū	都考	词典	劳苦操作;辛劳操持；艰难困顿;经济窘迫	新华	且知道祖孙二人所过的日子，十分{拮据}，节日里自己不能包粽子，又送了许多尖角粽子。	边城（节选）	1
挈妇将雏	qiè fù jiāng chú	写	词典					1
振聋发聩	zhèn lóng fā kuì	写	成语	聩天生耳聋，引伸为不明事理。声音很大，使耳聋的人也听得见	成语	卷一此数言，{振聋发聩}，想当时必有迂儒曲士以经学谈诗者。	《随园诗话补遗》	1
据为己有	jù wéi jǐ yǒu	读	成语	将别人的东西拿来作为自己的	成语	第二十四出先从片进，累建大功，童贯占为己有欺瞒皇上。	《宝剑记》	1
排山倒海	pái shān dǎo hǎi	读	成语	推开高山，翻倒大海。形容力量强盛，声势浩大	成语			1
接榫	jiē sǔn	写	词典	①连接榫头。②比喻前后衔接这篇文章在前后～的地方没处理好，显得太散	新华	更早，它还是用以加固两条横木{接榫}的，先是用一个斗，上加一块略似拱形的“替木”。	中国建筑的特征	1
接踵而至	jiē zhǒng ér zhì	写	成语	指人们前脚跟着后脚，接连不断地来。形容来者很多，络绎不绝	成语			1
搪塞	táng sè	都考	词典	应付;敷衍	新华			1
摇曳多姿	yáo yè duō zī	写	词典					1
摈弃	bìn qì	写	词典			即使我们能{摈弃}憎恨	致云雀	1
摐金伐鼓	chuāng jīn fá gǔ	都考	课本	指击打钲、铙之类的金属乐器和鼓，作为行军指挥信号	课本	{摐金伐鼓}下榆关，旌旆逶迤碣石间。	燕歌行并序	1
摒弃	bǐng qì	写	词典	屏除;抛弃	新华	它{摒弃}了“你们愿意人怎样待你们	怜悯是人的天性	1
摩挲	mā sā	都考	词典	也作摩娑	新华	他把双手合在一起，手掌相互{摩挲}着。	老人与海（节选）	1
撒手人寰	sā shǒu rén huán	写	词典			但是最使我对此人感兴趣的是他未能完成自己的伟大发现就{撒手人寰}。	一名物理学家的教育历程	1
撺掇	cuān duō	写	词典			他还是可以把事情宣布出去，人家甚至还会疑惑我是跟你串通一气的，疑惑是我出主意{撺掇}你干的。	玩偶之家（节选）	1
撺梭	cuān suō	写	词典	犹穿梭。形容往来频繁	新华	小二独自一个{撺梭}也似伏侍不暇。	林教头风雪山神庙	1
擢升	zhuó shēng	写	词典	亦作擢升。亦作擢升；提升;提拔	新华			1
攒射	cuán shè	都考	词典	密集射击	新华	当三个女子从容地转辗于文明人所发明的枪弹的{攒射}中的时候，这是怎样的一个惊心动魄的伟大呵！	记念刘和珍君	1
放恣	fàng zì	写	词典	骄傲放纵，任意胡为	新华	后者奔{放恣}肆，不拘格律	树和天空	1
整饬	zhěng chì	写	词典	①整治，使有条理整饬纪律｜整饬吏治	新华			1
敷衍了事	fū yǎn liǎo shì	读	成语	敷衍做事不认真；了完。指办事马马虎虎，只求应付过去就算完事	成语	{敷衍了事}的态度，为文造情	石钟山记	1
文绉绉	wén zhòu zhòu	写	词典	亦作文??3473。亦作文诌诌；举止斯文貌	新华	松二爷{文绉绉}的，提着小黄鸟笼；常四爷雄赳赳的，提着大而高的画眉笼。	茶馆（节选）	1
斐然	fěi rán	写	词典			总体看来，先秦诸子并不把善写文章当作最高追求，但他们的很多论说又都文采{斐然}，自成一格。	兼爱	1
斑蝥	bān máo	写	词典	昆虫，触角呈鞭状，腿细长，鞘翅上有黄黑色斑纹，成虫桅大豆、棉花、茄子等农作物	新华			1
斗牛	dǒu niú	读	课本	斗宿和牛宿，都是星宿名	课本	少焉，月出于东山之上，徘徊于{斗牛}之间。	赤壁赋	1
斧钺汤镬	fǔ yuè tāng huò	写	成语	斧钺古代军中刑戮。汤滚开的水。镬古代的大锅	成语	今得杀身自效，虽蒙{斧钺汤镬}，诚甘乐之。	苏武传	1
断井颓垣	duàn jǐng tuí yuán	写	成语	井指井栏；垣短墙。断了的井栏，倒塌的短墙。形容庭院破败的景象	成语	【皂罗袍】原来姹紫嫣红开遍，似这般都付与{断井颓垣}。	游园	1
断子绝孙	duàn zǐ jué sūn	读	成语	没有儿子，也没有孙子。指没有后代	成语	你再不娶亲，我只愁你{断子绝孙}谁拜坟。	《荆钗记·执柯》	1
无咎	wú jiù	写	词典	无灾祸;无过失；谓过由自取，无所怨咎	新华	尔卜尔筮，体{无咎}言。	氓	1
无垠	wú yín	写	词典	无边际	新华	因为宇宙辽阔{无垠}，所以那些我们所熟悉的适用于地球的量度单位——米、英里等已经没有意义。	宇宙的边疆	1
无寐	wú mèi	写	词典	不睡;不能入睡	新华	可堪{无寐}枕蛩声”。	说“木叶”	1
无所不为	wú suǒ bù wéi	读	成语	没有不干的事情。指什么坏事都干	成语	揆其奸心，{无所不为}。	《三国志·吴书·张温传》	1
无所作为	wú suǒ zuò wéi	读	成语	作为作出成绩。没有做出任何成绩。指工作中安于现状，缺乏创造性	成语			1
无疵	wú cī	写	词典	没有毛病，没有缺点；不挑剔毛病	新华	篇之彪炳，章{无疵}也；章之明靡，句无玷也；句之清英，字不妄也。”	第八单元	1
无穷无尽	wú qióng wú jìn	读	成语	穷完。没有止境，没有限度	成语	{无穷无尽}是离愁，天涯地角寻思遍。	《踏莎行》	1
日晷	rì guǐ	写	词典	①又称日规	新华			1
日臻	rì zhēn	写	词典			词境逐渐拓展，技巧{日臻}成熟。	第一单元	1
早缫而绪	zǎo sāo ér xù	都考	课本	早早地煮茧抽丝	课本	旦暮吏来而呼曰：‘官命促尔耕，勖尔植，督尔获，{早缫而绪}，早织而缕，字而幼孩，遂而鸡豚。’	种树郭橐驼传	1
昕天	xīn tiān	写	词典	我国古代天体说之一。其说主天体北高南低。为三国吴姚信所倡。昕，通轩	新华	东吴的姚信则提出了《{昕天}论》	天文学上的旷世之争	1
昳丽	dié lì	写	词典	光艳美丽	新华	下面是大家都很熟悉的《战国策》里的《邹忌讽齐王纳谏》的头上一段：邹忌修八尺有余，而形貌{昳丽}。	第八单元	1
晓谕	xiǎo yù	写	词典					1
晕头转向	yūn tóu zhuàn xiàng	读	成语	晕头发昏；转向辨不清方向。头脑发晕，辨不清方向。形容糊里糊涂或惊惶失措	成语	第三部五十巧珠奶奶听得{晕头转向}。完全出乎她的意料之外，儿子居然变了，而且变得这么快！	《上海的早晨》	1
晕眩	yūn xuàn	写	词典	眩晕。感觉本身或周围的东西在旋转；眼睛昏花	新华	如同回忆起许久以前的一次悬崖失足那样令人{晕眩}战栗。	宇宙的边疆	1
晧晧之白	hào hào zhī bái	都考	课本	比喻品德的高尚纯洁	课本	宁赴常流而葬乎江鱼腹中耳，又安能以{晧晧之白}，而蒙世俗之温蠖乎？”	屈原列传	1
晨曦	chén xī	写	词典			在{晨曦}中逐渐暗淡。	致云雀	1
晷影	guǐ yǐng	写	词典	见晷景	新华			1
晷漏	guǐ lòu	写	词典	晷与漏。古代测时的仪器；顷刻;片刻	新华			1
晻晻	yǎn yǎn	都考	课本	昏暗的样子	课本	{晻晻}日欲暝，愁思出门啼。	孔雀东南飞并序	1
暧暧	ài ài	都考	课本	迷蒙隐约的样子	课本	{暧暧}远人村，依依墟里烟。	归园田居（其一）	1
暴霜露	pù shuāng lù	读	课本	暴露在霜露之中	课本	思厥先祖父，{暴霜露}，斩荆棘，以有尺寸之地。	六国论	1
曲学阿世	qǔ xué ā shì	读	成语	歪曲自己的学术，以投世俗之好	成语	所谓{曲学阿世}即是哗众取宠	修辞立其诚	1
更嫁	gēng jià	读	课本	改嫁	课本	子卿妇年少，闻已{更嫁}矣。	苏武传	1
有朝一日	yǒu zhāo yī rì	读	成语	将来有那么一天	成语	第一折{有朝一日}，我出矛庐指点世人迷，凭着我剑挥星斗，我志逐风雷。	《博望烧屯》	1
朝发夕至	zhāo fā xī zhì	读	成语	早上出发晚上就能到达。形容路程不远或交通方便	成语	或王命急宣，有时朝发白帝，暮到江陵。”唐·韩愈《祭鳄鱼文》以生以食，鳄鱼朝发而夕至也。	《水经注·注水》	1
朝歌夜弦	zhāo gē yè xián	读	成语	形容整天沉迷于歌舞，逸乐无度	成语	{朝歌夜弦}，为秦宫人。	阿房宫赋	1
朝气蓬勃	zhāo qì péng bó	读	成语	朝气早上的空气，引伸为新生向上，努力进取的气象；蓬勃旺盛的样子	成语	但是，我们人类{朝气蓬勃}，勇敢好学，前途无量。	宇宙的边疆	1
朝生暮死	zhāo shēng mù sǐ	读	成语	①早晨刚生，晚上就死亡。②今亦形容事物生命短暂	成语	朝生幕落花……生粪秽处，头如笔，紫色，{朝生暮死}。	《重修政和证类本草·草下之上》	1
木屐	mù jī	写	词典	木底鞋。或有齿，或无齿	新华			1
杳无音信	yǎo wú yīn xìn	写	成语	音信消息，回信。没有一点消息	成语	词惊鸿去后，轻抛素袜，{杳无音信}。	《咏水仙》	1
枇杷	pí pá	写	词典			庭有{枇杷}树，吾妻死之年所手植也，今已亭亭如盖矣。	项脊轩志	1
枝杈	zhī chà	都考	词典	树木上分杈的小枝子	新华	一个{枝杈}一个人。	秦腔	1
枷锁	jiā suǒ	写	词典	枷和锁链。比喻所受的压迫和束缚精神～ㄧ挣脱封建～	新华	“四人帮”加在人们身上的精神{枷锁}	实践是检验真理的唯一标准	1
树杈	shù chà	都考	词典	亦称树杈把；树枝的交汇处	新华	双手鼓掌竟从{树杈}上掉下来	秦腔	1
校笺	xiào jiān	写	词典	校订和笺注。如徐震堮有《世说新语校笺》	新华			1
桴止响腾	fú zhǐ xiǎng téng	都考	课本	鼓槌停止了（敲击），声音还在传播	课本	至唐李渤始访其遗踪，得双石于潭上，扣而聆之，南声函胡，北音清越，{桴止响腾}，余韵徐歇。	石钟山记	1
梵文	fàn wén	写	词典					1
棕榈	zōng lǘ	写	词典	又称棕树	新华	或镂空{棕榈}树根株	边城（节选）	1
楔子	xiē zi	写	词典	①一头粗厚一头薄削的木片，插入缝隙中使物固定这儿还有点松动，楔个楔子进去	新华			1
楞楞	léng léng	写	词典	凸起显露貌；象声词	新华	落下参差的斑驳的黑影，峭{楞楞}如鬼一般	荷塘月色	1
榫眼	sǔn yǎn	写	词典	器物上承受榫头的凹形洞	新华			1
横槊赋诗	héng shuò fù shī	写	成语	槊长矛；赋吟♂着长矛而赋诗。指能文能武的英雄豪迈气概	成语	酾酒临江，{横槊赋诗}	赤壁赋	1
樯橹	qiáng lǔ	都考	课本	代指曹操的战船	课本	羽扇纶巾，谈笑间，{樯橹}灰飞烟灭。	念奴娇·赤壁怀古	1
樽酒	zūn jiǔ	写	词典	杯酒；代指酒食	新华	盘飧市远无兼味，{樽酒}家贫只旧醅。	客至	1
檄文	xí wén	写	词典	文体名。用于征召、晓喻、声讨的文书传檄文而定千里	新华	上面这八条，就是我们申讨党八股的{檄文}。	反对党八股（节选）	1
歇憩	xiē qì	写	词典	停息;休息	新华	“人老了应当{歇憩}！”	边城（节选）	1
正人君子	zhèng rén jūn zǐ	读	成语	旧时指品行端正的人。现多作讽刺的用法，指假装正经的人	成语	胤所悦者阘茸下辈，所恶者{正人君子}。人人悚惧，朝不保夕。	《旧唐书·崔胤传》	1
残骸	cán hái	写	词典			夜里，有些鲨鱼来袭击大鱼的{残骸}，就像人从餐桌上捡面包屑一样。	老人与海（节选）	1
殒身不恤	yǔn shēn bú xù	写	成语	殒牺牲；恤顾惜。牺牲生命也不顾惜	成语	至于这一回……虽{殒身不恤}的事实，则更足为中国女子的勇毅没有消亡的明证。	《记念刘和珍君》	1
殡葬	bìn zàng	写	词典					1
毋内诸侯	wú nà zhū hóu	都考	课本	不要让诸侯进来	课本	曰：“鲰生说我曰：‘距关，{毋内诸侯}，秦地可尽王也。’	鸿门宴	1
毋庸	wú yōng	写	词典	副词	新华	不可避免的和{毋庸}争辩的事实。	在《人民报》创刊纪念会上的演说	1
毗连	pí lián	写	词典					1
毽子	jiàn zi	写	词典			如清明踏青、踢{毽子}	第四单元	1
氓隶	méng lì	读	课本	指下层百姓	课本	{氓隶}之人，而迁徙之徒也	过秦论	1
气势磅礴	qì shì páng bó	都考	成语	磅礴广大无边的样子。形容气势雄伟壮大	成语	这是中国近代史上{气势磅礴}的一页。	《古战场春晓》	1
气息奄奄	qì xī yān yān	都考	成语	形容呼吸微弱，快要断气的样子。也比喻事物衰败没落，即将灭亡	成语	但以刘日薄西山，{气息奄奄}，人命危浅，朝不虑夕。	陈情表	1
水榭	shuǐ xiè	写	词典	建于水滨供游玩或休息的建筑物步入水榭，湖色尽入眼帘	新华	“大文章”如宫殿、庙宇等等，“小品”如山亭、{水榭}、一轩、一楼。	中国建筑的特征	1
永葆	yǒng bǎo	写	词典	永远保持	新华	才保证了马克思主义的不断发展，而{永葆}其青春。	实践是检验真理的唯一标准	1
氾南	fán nán	都考	课本	氾水的南面，也属郑地	课本	晋军函陵，秦军{氾南}。	烛之武退秦师	1
求神问卜	qiú shén wèn bǔ	读	成语	迷信的人遇有疑难，求神鬼帮助，或靠卜卦解决	成语	人事不省，十分危笃。吃的药犹如泼在石上，一毫没用。{求神问卜}，俱说无效。	《醒世恒言·乔太守乱点鸳鸯谱》	1
汗渍	hàn zì	写	词典			披肩上的图案沁染{汗渍}已无法辨认	百年孤独（节选）	1
汲汲	jí jí	写	词典			自爱心使人{汲汲}于关心自己，使他远离一切使他感到为难和痛苦的事物。	怜悯是人的天性	1
汶汶	mén mén	都考	课本	浑浊的样子	课本	人又谁能以身之察察，受物之{汶汶}者乎？	屈原列传	1
汹涌澎湃	xiōng yǒng péng pài	读	成语	汹涌洪水猛烈上涌的样子；澎湃波浪互相撞击。形容声势浩大，不可阻挡	成语	沸乎暴怒，{汹涌澎湃}。	《上林赋》	1
沉湎	chén miǎn	写	词典	①沉溺(多指不良嗜好)沉湎酒色	新华			1
沉疴	chén kē	写	词典	拖延长久的重病；难治的病沉疴多年｜沉疴难愈	新华	疫情警示我们，增强忧患意识，破除{沉疴}积弊，永远都是进行时！	在民族复兴的历史丰碑上	1
沙陀	shā tuó	写	词典	我国古代部族名。西突厥别部，即沙陀突厥	新华			1
沟壑	gōu hè	写	词典					1
油蛉	yóu líng	写	词典	昆虫。俗名金钟儿，形似西瓜子，黑褐色，能发出好听的鸣声	新华			1
沾衿	zhān jīn	写	词典	同沾襟	新华	因泣下{沾衿}，与武决去。	苏武传	1
泥而不滓	niè ér bù zǐ	都考	成语	染而不黑。比喻洁身自好，不受坏的影响。泥，通涅	成语	自疏濯淖污泥之中，蝉蜕于浊秽，以浮游尘埃之外，不获世之滋垢，皭然{泥而不滓}者也。	屈原列传	1
泪涟涟	lèi lián lián	写	词典	形容不断流泪的样子	新华	哎，只落得两{泪涟涟}。	窦娥冤（节选）	1
浅尝辄止	qiǎn cháng zhé zhǐ	写	成语	辄就。略微尝试一下就停下来。指不深入钻研	成语	而且其中任何一个领域他都不是{浅尝辄止}。	在马克思墓前的讲话	1
济水	jǐ shuǐ	读	课本	发源于河南济源西王屋山，东流到山东入海	课本	泰山之阳，汶水西流；其阴，{济水}东流。	登泰山记	1
浑身解数	hún shēn xiè shù	读	成语	浑身全身，指所有的；解数那套数，指武艺。所有的本领，全部的权术手腕	成语	第七十三回{浑身解数}如花锦，双手腾那似辘轳。	《西游记》	1
浣花	huàn huā	写	词典	即浣花溪；即浣花笺	新华			1
浩瀚	hào hàn	写	词典			这个理论能解释所有的自然规律，从细小的原子到{浩瀚}的星系。	一名物理学家的教育历程	1
浸渍	jìn zì	写	词典	用液体泡把原料捣碎，放在石灰水里～，再加蒸煮，变成糜烂的纸浆	新华	至少，也当{浸渍}了亲族	记念刘和珍君	1
消弭	xiāo mǐ	写	词典			{消弭}信息鸿沟，而且还要努力发展网络	第四单元	1
涓涓	juān juān	写	词典	细水慢流的样子～清泉	新华	木欣欣以向荣，泉{涓涓}而始流。	归去来兮辞并序	1
涔涔	cén cén	写	词典	①形容雨水、汗水、泪水等流个不断水涔涔｜汗涔涔｜泪涔涔	新华	周朴园（汗{涔涔}地）哦。	雷雨（节选）	1
涕涟	tì lián	写	词典	泪流不断貌	新华	不见复关，泣{涕涟}涟。	氓	1
涟漪	lián yī	写	词典	细小的波纹微风吹过，湖面上泛起层层～	新华	哪些景物曾经激起你心灵的{涟漪}，引发你对生命的感悟？	登泰山记	1
涪翁	fú wēng	写	词典	东汉人，精于医，姓名不传；宋黄庭坚别号	新华			1
淖污	nào wū	写	词典	泥水混浊	新华	自疏濯{淖污}泥之中，蝉蜕于浊秽，以浮游尘埃之外，不获世之滋垢，皭然泥而不滓者也。	屈原列传	1
淬炼	cuì liàn	写	词典			中国精神，在抗疫中{淬炼}，在磨砺中升华。	在民族复兴的历史丰碑上	1
深山野墺	shēn shān yě ào	写	成语	荒僻的大山深处	成语	倘许给本村人，财礼就不多；惟独肯嫁进{深山野墺}里去的女人少，所以她就到手了八十千。	《彷徨·祝福》	1
深谙	shēn ān	写	词典					1
混混沌沌	hùn hùn dùn dùn	写	成语	迷糊不清的样子，凝一片，不分明	成语	第53回仍然不知稼穑艰难，{混混沌沌}的过日子。	《二十年目睹之怪现状》	1
清冽	qīng liè	写	词典	①清澈寒冷；凉而爽快清冽的泉水｜空气非常清冽。②清醇；清淡酒味清冽｜清冽的花香	新华	这{清冽}的泉水，养育我们，同时也养育过往日那村里的人们。	一个消逝了的山村	1
渌水	lù shuǐ	写	词典	清澈的水；古曲名	新华	谢公宿处今尚在，{渌水}荡漾清猿啼。	梦游天姥吟留别	1
渣滓	zhā zǐ	写	词典	①物品提取出精华后的残余部分微有些渣滓去不尽	新华	早已成为{渣滓}，只值得烦厌和唾弃	祝福	1
温庭筠	wēn tíng yún	写	词典					1
温煦	wēn xù	写	词典	温暖；暖和气候温煦｜冬天温煦的太阳	新华			1
渭桥	wèi qiáo	写	词典	汉唐时代长安附近渭水上的桥梁。东、中、西共有三座。中渭桥。秦时始置，本名横桥	新华	罗隐《寄渭北徐从事》：“暖云慵堕柳垂条，骢马徐郎过{渭桥}。”	说“木叶”	1
游弋	yóu yì	写	词典	军舰巡逻巡逻艇在海峡游弋	新华	他喜欢想这条鱼，想着它如果能自由{游弋}，会怎样对付一条鲨鱼。	老人与海（节选）	1
游手好闲	yóu shǒu hào xián	读	成语	指人游荡懒散，不愿参加劳动	成语			1
湍瀑	tuān pù	写	词典	水流急溅貌	新华	飞{湍瀑}流争喧豗，砯崖转石万壑雷。	蜀道难	1
湓浦口	pén pǔ kǒu	都考	课本	湓江流入长江的地方，在今九江西	课本	明年秋，送客{湓浦口}，闻舟中夜弹琵琶者，听其音，铮铮然有京都声。	琵琶行并序	1
源远流长	yuán yuǎn liú cháng	读	成语	源头很远，水流很长。比喻历史悠久	成语	夫源远者流长，根深者枝茂。	《海州刺史裴君夫人李氏墓志铭》	1
溘死	kè sǐ	写	词典	忽然而死	新华	宁{溘死}以流亡兮，余不忍为此态也！	离骚（节选）	1
滂沱	pāng tuó	写	词典	雨大貌；形容泪或血等流得多	新华			1
滕王阁序	téng wáng gé xù	写	词典	骈文篇名。唐代王勃作	新华			1
滥觞	làn shāng	写	词典					1
漂橹	piāo lǔ	写	词典	亦作漂樐。亦作漂卤；谓血流浮起大盾牌。形容杀伤极多	新华	秦有余力而制其弊，追亡逐北，伏尸百万，流血{漂橹}；因利乘便，宰割天下，分裂山河。	过秦论	1
濠上	háo shàng	写	词典	濠水之上	新华			1
濠梁之上	háo liáng zhī shàng	写	成语	濠梁濠水上的桥。指别有会心，自得其乐的境地	成语			1
濮阳	pú yáng	写	词典					1
烟霭	yān ǎi	写	词典			夹着{烟霭}和忙碌的气色	祝福	1
煴火	yūn huǒ	都考	课本	没有火焰的微火	课本	凿地为坎，置{煴火}，覆武其上，蹈其背以出血。	苏武传	1
爇香	ruò xiāng	都考	课本	点燃香	课本	问者{爇香}于鼎，再拜。	促织	1
牦牛	máo niú	写	词典					1
牧羝	mù dī	写	词典	苏武牧羊的典故『苏武出使匈奴，单于胁迫他投降，苏武不屈服◇来把他流放到北海上无人处，使牧羝(公羊)，羝乳乃得归	新华	乃徙武北海上无人处，使{牧羝}，羝乳乃得归。	苏武传	1
犒劳	kào láo	写	词典	①用酒食等慰劳～将士。②指慰劳的酒食等吃～（享受犒劳）	新华			1
犯颜直谏	fàn yán zhí jiàn	写	词典			敢于{犯颜直谏}；王安石不避众议汹汹	六国论	1
犰狳	qiú yú	写	词典	哺乳纲，犰狳科	新华			1
狂飙	kuáng biāo	写	词典	急骤的暴风，比喻猛烈的潮流或力量	新华			1
狡黠	jiǎo xiá	写	词典	狡诈	新华	然而她找寻泥土时显得异常{狡黠}机智，乌尔苏拉不得不采取更严厉的手段。	百年孤独（节选）	1
猖獗	chāng jué	写	词典	也作猖蹶	新华	对地主用“活跃”不合适，要用“{猖獗}”。	第八单元	1
猗顿之富	yī dùn zhī fù	写	词典			墨翟之贤，陶朱、{猗顿之富}	过秦论	1
猪鬣毛	zhū liè máo	都考	课本	猪颈项上稍长的毛，质硬而粗	课本	试以{猪鬣毛}撩拨虫须，仍不动。	促织	1
猿猱	yuán náo	写	词典	泛指猿猴	新华	黄鹤之飞尚不得过，{猿猱}欲度愁攀援。	蜀道难	1
玉玺	yù xǐ	写	词典	专指皇帝的玉印。始于秦。据汉蔡邕《独断》载天子玺以玉螭虎纽	新华			1
珊瑚	shān hú	写	词典	腔肠动物门的一纲。全部海生	新华	或许是{珊瑚}——大自然在宇宙的汪洋里创造的永恒的产物。	宇宙的边疆	1
珍馐	zhēn xiū	写	词典	见珍羞	新华	你看，姑娘一过门，吃的是{珍馐}美味，穿的是绫罗绸缎，这不是造化吗？	茶馆（节选）	1
璀璨夺目	cuǐ càn duó mù	写	成语	璀璨美玉发光。光辉灿烂耀人眼睛	成语	第三卷玉山宝带，尽壁寸珠，{璀璨夺目}。	《武林旧事》	1
瓦楞	wǎ léng	写	词典			叔的书房里时，{瓦楞}上已经雪白	祝福	1
瓮牖绳枢	wèng yǒu shéng shū	都考	课本	用瓮做窗户，用草绳系门扇，形容家里穷	课本	然陈涉{瓮牖绳枢}之子	过秦论	1
生非异	xìng fēi yì	读	课本	天性（同一般人）没有差别	课本	君子{生非异}也，善假于物也。	劝学	1
甲烷	jiǎ wán	写	词典	也称沼气	新华	冥王星覆盖着{甲烷}冰，巨大卫星卡戎是它的伙伴之一。	宇宙的边疆	1
男女老少	nán nǚ lǎo shào	读	成语	泛指所有的人	成语	麦苗肥，稻花香，{男女老少}喜洋洋。	《黄河大合唱·黄水谣》	1
畏葸不前	wèi xǐ bù qián	写	成语	畏惧退缩，不敢前进	成语	唐介始弹张尧佐，谏官皆上疏，及弹文彦博，则吴奎{畏葸不前}，当时谓拽动阵前。	《东轩笔录》	1
疾痛惨怛	jí tòng cǎn dá	写	词典			人穷则反本，故劳苦倦极，未尝不呼天也；{疾痛惨怛}，未尝不呼父母也。	屈原列传	1
病榻	bìng tà	写	词典	病人的床铺	新华	他死后，人们在他{病榻}的枕下，发现了一本《毛泽东选集》，一本《论共产党员的修养》。	县委书记的榜样——焦裕禄	1
瘦伶仃	shòu líng dīng	写	词典	瘦弱貌	新华	这时阿Q赤着膊，懒洋洋的{瘦伶仃}的正在他面前，别人也摸不着这话是真心还是讥笑，然而阿Q很喜欢。	阿Q正传（节选）	1
癞头蟆	lài tóu má	写	词典	见癞头蟆	新华	冥搜未已，一{癞头蟆}猝然跃去。	促织	1
癞皮狗	lài pí gǒu	写	词典			“{癞皮狗}，你骂谁？”	阿Q正传（节选）	1
癸丑	guǐ chǒu	读	课本	指永和九年	课本	永和九年，岁在{癸丑}，暮春之初，会于会稽山阴之兰亭，修禊事也。	兰亭集序	1
白炽灯	bái chì dēng	写	词典			{白炽灯}所不能比的。	上图书馆	1
白鹭	bái lù	写	词典					1
百舸	bǎi gě	写	词典	百艘船。亦泛言船极多	新华	看万山红遍，层林尽染；漫江碧透，{百舸}争流。	沁园春·长沙	1
皎月	jiǎo yuè	写	词典	犹明月	新华			1
皭然	jiào rán	写	词典	洁白貌	新华	自疏濯淖污泥之中，蝉蜕于浊秽，以浮游尘埃之外，不获世之滋垢，{皭然}泥而不滓者也。	屈原列传	1
皱褶	zhòu zhě	写	词典	衣服布料等因受褶压而形成的皱纹上衣后襟尽是皱褶	新华	一心一意掩藏在大山那深深的{皱褶}里	哦，香雪	1
盘诘	pán jí	写	词典					1
盘踞	pán jù	写	词典	盘结据守;占据	新华	他有些什么心事{盘踞}在他的灵魂里，我怕它也许会产生危险的结果。	哈姆莱特（节选）	1
目眦尽裂	mù zì jìn liè	都考	成语	目眦眼眶。眼眶都瞪裂了。形容愤怒到了极点	成语	哙遂入，披帷西向立，瞋目视项王，头发上指，{目眦尽裂}。	鸿门宴	1
目眩	mù xuàn	写	词典	眼花	新华	那里有令人{目眩}的强光和我从未见过的奇形怪状的物体。	一名物理学家的教育历程	1
直截了当	zhí jié liǎo dàng	读	成语	形容说话做事爽快、干脆	成语	第六十五回紫芝妹妹嘴虽利害，好在心口如一，{直截了当}，倒是一个极爽快的。	《镜花缘》	1
直龁敌领	zhí hé dí lǐng	都考	课本	直接咬住敌方的脖子	课本	俄见小虫跃起，张尾伸须，{直龁敌领}。	促织	1
相形见绌	xiāng xíng jiàn chù	写	成语	形对照；绌不够，不足⊥同类的事物相比较，显出不足	成语	第九十回他一个部曹，戴了个水晶顶子去当会办，比着那红蓝色的顶子，未免{相形见绌}。	《二十年目睹之怪现状》	1
相濡以沫	xiāng rú yǐ mò	写	成语	濡沾湿；沫唾沫。泉水干了，鱼吐沫互相润湿	成语	泉涸，鱼相与处于陆，相呴以湿，{相濡以沫}，不如相忘于江湖。	《庄子·大宗师》	1
真相大白	zhēn xiàng dà bái	读	成语	大白彻底弄清楚。真实情况完全弄明白了	成语			1
睡眼惺忪	shuì yǎn xīng sōng	写	成语	惺忪刚苏醒的样子。形容睡觉的人刚睡醒，还没有完全清醒	成语	街道上的行人还不多；所遇见的不过是{睡眼惺忪}的女人，在井边打水。	《故事新编·采薇》	1
睨视	nì shì	写	词典	斜视;旁观；傲视	新华			1
瞋目	chēn mù	写	词典	睁大眼睛;瞪着眼睛	新华	哙遂入，披帷西向立，{瞋目}视项王，头发上指，目眦尽裂。	鸿门宴	1
矛戟	máo jǐ	写	词典	矛和戟。亦用以泛称兵器	新华	王于兴师，修我{矛戟}，与子偕作。	无衣	1
矜持	jīn chí	写	词典	拘谨；拘束他第一次上台发言，显得有点～	新华	但是在这谦虚里没有卑躬，只有纯洁，没有{矜持}，只有坚强。	一个消逝了的山村	1
知止不殆	zhī zhǐ bù dài	写	成语	殆危险。知道适可而止的人就不会遇到危险。旧时劝人行事不要过分	成语	第四十四章知足不辱，{知止不殆}，可以长久。	《老子》	1
石罅	shí xià	写	词典	石头的缝隙	新华	少杂树，多松，生{石罅}，皆平顶。	登泰山记	1
砉然向然	xū rán xiǎng rán	都考	课本	砉砉作响	课本	庖丁为文惠君解牛，手之所触，肩之所倚，足之所履，膝之所踦，{砉然向然}，奏刀騞然，莫不中音。	庖丁解牛	1
砒霜	pī shuāng	写	词典	见三氧化二砷	新华	具有悠久应用历史的中药{砒霜}	青蒿素：人类征服疾病的一小步	1
砧板	zhēn bǎn	写	词典	切鱼肉等用的垫板	新华			1
硿硿焉	kōng kōng yān	都考	课本	硿硿地响	课本	寺僧使小童持斧，于乱石间择其一二扣之，{硿硿焉}。	石钟山记	1
磔磔	zhé zhé	都考	课本	鸟鸣声	课本	闻人声亦惊起，{磔磔}云霄间	石钟山记	1
祁连山脉	qí lián shān mài	写	词典	青藏高原北部边缘山脉之一。在甘肃、青海两省间。因在河西走廊南，又名南山	新华			1
神出鬼没	shén chū guǐ mò	读	成语	出出现；没消失。象神鬼那样出没无常。形容出没无常，不可捉摸◇泛指行动变化迅速	成语	善者之动也，神出而鬼行。	《淮南子·兵略训》	1
神思恍惚	shén sī huǎng hū	写	成语	神思精神，心绪；恍惚神智不清。指心神不定，精神不集中	成语	第四折一者是心中不足，二者是{神思恍惚}，恰合眼父子相逢，正数说当年间阻，忽然的好梦惊回。	《潇湘雨》	1
神魂颠倒	shén hún diān dǎo	读	成语	神魂精神，神志。精神恍惚，颠三倒四，失去常态	成语	卷十六小娘们多有爱他的，奉得{神魂颠倒}，连家里也不思想。	《醒世恒言》	1
禊事	xì shì	写	词典	禊祭之事。指三月上巳临水洗濯、祓除不祥的祭祀活动	新华	永和九年，岁在癸丑，暮春之初，会于会稽山阴之兰亭，修{禊事}也。	兰亭集序	1
福祉	fú zhǐ	写	词典	幸福;福利	新华	为维护世界人民的健康与{福祉}作出新贡献！	青蒿素：人类征服疾病的一小步	1
禳灾	ráng zāi	写	词典	见禳灾	新华	例如本来是一种{禳灾}法术的放纸鸢活动，逐渐成为一种大人或儿童的文娱活动。	第四单元	1
秦韬玉	qín tāo yù	写	词典	唐代诗人。字中明，京兆(今陕西西安)人。中和年间，唐僖宗赐其进士及第	新华	{秦韬玉}的“归心”则悬在了马首上。	说“木叶”	1
称心快意	chèn xīn kuài yì	读	成语	遇事如意，心情舒畅。称心恰合心愿。快意心情爽快舒适	成语	吾自遇汝以来，常愿天下有情人都成眷属；然遍地腥云，满街狼犬，{称心快意}，几家能彀？	与妻书	1
穹天	qióng tiān	写	词典	天	新华	虞耸提出了《{穹天}论》	天文学上的旷世之争	1
穹庐	qióng lú	写	词典	古代游牧民族居住的毡帐；泛指北方少数民族	新华	三岁余，王病，赐武马畜、服匿、{穹庐}。	苏武传	1
穹隆	qióng lóng	写	词典	亦作穹窿；中间隆起，四周下垂貌。常用以形容天的形状	新华	除掉{穹隆}顶得到特别处理之外	中国建筑的特征	1
窈纠	yǎo jiū	写	词典	形容步履舒缓，体态优美；幽深曲折	新华			1
窈黑	yǎo hēi	写	词典	深邃幽暗	新华			1
窠臼	kē jiù	写	词典			也没有落入“叙好人完全是好”的{窠臼}。	《红楼梦》	1
竖箜篌	shù kōng hóu	写	词典	古拨弦乐器。箜篌的一种	新华			1
章士钊	zhāng shì zhāo	写	词典					1
竦立	sǒng lì	都考	课本	恭敬地站着	课本		促织	1
竦身	sǒng shēn	写	词典	耸身，纵身向上跳。竦，通耸	新华	我很想借此算是{竦身}一摇	为了忘却的记念	1
竭尽全力	jié jìn quán lì	读	成语	竭尽用尽。用尽全部力量	成语	裴松之注引《魏略》竭尽心力，奉宣科法。	《三国志·魏志·贾逵传》	1
竭忠尽智	jié zhōng jìn zhì	读	成语	毫无保留地献出一片忠诚和所有才智	成语	屈平正道直行，{竭忠尽智}以事其君，谗人间之，可谓穷矣。	屈原列传	1
端倪	duān ní	写	词典					1
竹篾	zhú miè	写	词典	剖削成一定规格的竹皮;成条的薄竹片	新华			1
笃信	dǔ xìn	写	词典			如{笃信}古人、权威和书本	人应当坚持正义	1
笃实	dǔ shí	写	词典	①忠诚老实～敦厚。②实在学问～	新华	的卓越；没有冰心一片、物我两忘的境界，怎能有雷打不动、脚踏实地的{笃实}。	以工匠精神雕琢时代品质	1
笃行	dǔ xíng	写	词典			——《礼记·中庸》博学之，审问之，慎思之，明辨之，{笃行}之。	兼爱	1
籼米	xiān mǐ	写	词典	籼稻的米	新华	里面是较少的{籼米}	包身工	1
精神恍惚	jīng shén huǎng hū	写	成语	恍忽糊里糊涂的样子。形容神思不定或神志不清	成语	精神恥忽，若有所喜。	《神女赋〉》	1
精神抖擞	jīng shén dǒu sǒu	写	成语	抖擞振动，引伸为振作。形容精神振奋	成语	（僧）问‘光吞万象从师道，心月孤圆意若何？’师曰‘抖擞精神着。’	《景德传灯录·杭州光庆寺遇安禅师》	1
糍粑	cí bā	写	词典	用糯米蒸熟捣碎后所制成的一种食品	新华	一坛酒，一盒{糍粑}	边城（节选）	1
糖苷	táng gān	写	词典	简称苷	新华			1
系帛书	xì bó shū	写	词典	谓缚帛书于雁足以传音信	新华	教使者谓单于，言天子射上林中，得雁，足有{系帛书}，言武等在某泽中。	苏武传	1
紫钗记	zǐ chāi jì	写	词典	传奇剧本。明代汤显祖作	新华			1
累土	léi tǔ	读	课本	一筐土	课本	合抱之木，生于毫末；九层之台，起于{累土}；千里之行，始于足下。	《老子》四章	1
纂组	zuǎn zǔ	写	词典	赤色绶带。亦泛指精美的织锦；编织。多指精美的织物	新华			1
红绡	hóng xiāo	写	词典	红色薄绸；人名。唐代传奇中人物	新华	五陵年少争缠头，一曲{红绡}不知数。	琵琶行并序	1
纵横驰骋	zòng héng chí chěng	写	成语	纵南北方向；横东西方向；驰骋纵马疾驰。不受阻挡地往来奔驰	成语			1
纷至沓来	fēn zhì tà lái	都考	成语	纷众多，杂乱；沓多，重复。形容接连不断的到来	成语	六夫其心俨然肃然，常若有所事，则虽事物纷至而沓来，岂足以乱吾之知思。	《答何叔京》	1
经纶天下	jīng lún tiān xià	写	词典					1
结绮阁	jié qǐ gé	写	词典	南朝陈后主至德二年，起临春、结绮、望仙三阁，阁高数丈，并数十间，窗牖、壁带之类皆以沉檀香木为之，饰以金玉，间以珠翠，其服玩之属，瑰奇珍丽，穷极奢华，近古所未有◇主自居临春阁，张贵妃居结绮阁，龚孔二贵嫔居望仙阁，并复道交相往来	新华			1
绛皓驳色	jiàng hào bó sè	都考	课本	或红或白，颜色错杂	课本	回视日观以西峰，或得日或否，{绛皓驳色}，而皆若偻。	登泰山记	1
绝子绝孙	jué zǐ jué sūn	读	成语	指断绝子孙	成语	第22回等他{绝子绝孙}之后，他祖宗的香烟都要断了，还充那一门孝子？	《官场现形记》	1
绯红	fēi hóng	写	词典	鲜红两颊～ㄧ～的晚霞	新华	纵使时光流驶，洗成{绯红}	记念刘和珍君	1
绾合	wǎn hé	写	词典	犹言牵线撮合；联结	新华			1
缁衣	zī yī	写	词典	亦作?衣；古代用黑色帛做的朝服	新华			1
缠绵悱恻	chán mián fěi cè	写	成语	悱恻悲苦的样子。旧时形容内心痛苦难以排解。也指文章感情婉转凄凉	成语	思缠绵以瞀乱兮，心摧伤以怆恻。	《寡妇赋》	1
置榻	zhì tà	写	词典	《后汉书．陈蕃传》郡人周璯，高絜之士。前后郡守招命莫肯至。唯蕃能致焉	新华	喜{置榻}上，半夜复苏。	促织	1
罹难	lí nàn	都考	词典			我们永远不能忘记，4 600多名同胞不幸{罹难}，一批医务人员、干部职工、社区工作者因公殉职。	在民族复兴的历史丰碑上	1
羁旅	jī lǚ	写	词典					1
羌笛	qiāng dí	写	词典	羌族民间吹奏乐器。流传于四川羌族地区。古老的六声阶双管竖笛	新华			1
羟基	qiǎng jī	写	词典			在分子中引入{羟基}，也给发展新的青蒿素衍生物创造了更多的机会。	青蒿素：人类征服疾病的一小步	1
羲和	xī hé	写	词典	羲氏和和氏的并称	新华			1
羽扇纶巾	yǔ shàn guān jīn	都考	课本	（手持）羽扇，（头戴）纶巾	课本	{羽扇纶巾}，谈笑间，樯橹灰飞烟灭。	念奴娇·赤壁怀古	1
翌年	yì nián	写	词典	明年	新华			1
翕辟	xī pì	都考	课本	开合	课本	巫从旁望空代祝，唇吻{翕辟}，不知何词。	促织	1
翱翔	áo xiáng	写	词典			鹰雕背负着青天{翱翔}是徒然的	自己之歌（节选）	1
老妪	lǎo yù	写	词典			家有{老妪}，尝居于此。	项脊轩志	1
耶律	yé lǜ	写	词典	复姓。初为契丹部落名。辽建立后为国族之姓	新华			1
肆意妄为	sì yì wàng wéi	读	成语	妄胡乱，非分的，出了常规的。妄为胡作非为。指不顾一切由着自己的性子胡作非为	成语	老人一看见它游过来，就知道这是一条毫无畏惧、{肆意妄为}的鲨鱼。	老人与海（节选）	1
肩胛	jiān jiǎ	写	词典	①肩膀。②医学上指肩膀的后部	新华			1
胥山	xū shān	写	词典	山名，相传因伍子胥而得名。有三(1)在江苏省吴县西南	新华			1
能彀	néng gòu	写	词典	同能够	新华	吾自遇汝以来，常愿天下有情人都成眷属；然遍地腥云，满街狼犬，称心快意，几家{能彀}？	与妻书	1
脏腑	zàng fǔ	写	词典	中医总称人体内部的器官	新华			1
膏腴之地	gāo yú zhī dì	写	成语	指肥美的土地或肥沃富饶的地区	成语	孝公既没，惠文、武、昭襄蒙故业，因遗策，南取汉中，西举巴、蜀，东割{膏腴之地}，北收要害之郡。	过秦论	1
膏腴之壤	gāo yú zhī rǎng	写	词典			东据成皋之险，割{膏腴之壤}	谏逐客书	1
臃肿	yōng zhǒng	写	词典			有些材料冗余，文章就会{臃肿}	天文学上的旷世之争	1
臆造	yì zào	写	词典			从其中引出其固有的而不是{臆造}的规律性	改造我们的学习	1
臧克家	zāng kè jiā	写	词典			例如{臧克家}《有的人——纪念鲁迅逝世十三周年有感》中的诗句“有的人活着	一发现潜藏的逻辑谬误	1
自牧归荑	zì mù kuì tí	都考	课本	从远郊归来赠送我初生的茅草	课本	{自牧归荑}，洵美且异。	静女	1
自给自足	zì jǐ zì zú	读	成语	给供给。依靠自己的生产，满足自己的需要	成语	种瓜自给。”《列子·黄帝》不施不惠，而物自足。	《三国志·魏志·步隲传》	1
自缢	zì yì	写	词典	用绳索自勒其颈而死。俗称上吊	新华	仲卿闻之，亦{自缢}	孔雀东南飞并序	1
自诩	zì xǔ	写	词典	犹自夸	新华	尼采就{自诩}过他是太阳，光热无穷，只是给与，不想取得。	拿来主义	1
舜禹	shùn yǔ	写	词典	虞舜和夏禹的并称	新华			1
舞榭歌台	wǔ xiè gē tái	写	成语	榭建筑在高土台上的敞屋。指歌舞场所	成语	{舞榭歌台}，风流总被，雨打风吹去。	永遇乐·京口北固亭怀古	1
船舷	chuán xián	写	词典			他把身子探出{船舷}，从鱼身上被鲨鱼咬过的地方撕下一块来。	老人与海（节选）	1
芦荟	lú huì	写	词典					1
芰荷	jì hé	都考	课本	菱叶与荷叶	课本	制{芰荷}以为衣兮，集芙蓉以为裳。	离骚（节选）	1
花钿	huā diàn	写	词典	用金翠珠宝制成的花形首饰	新华			1
苑囿	yuàn yòu	写	词典	中国古典园林的早期形式『代以前在圈定的范围内畜养禽兽，蕃衍草木，供帝王狩猎游玩，称囿『代以后这样的场所与宫室结合起来，以复道相连，称苑	新华			1
苜蓿	mù xu	写	词典	豆科。一年或多年生草本。重要牧草和绿肥。叶互生，复叶由三片小叶组成	新华	{苜蓿}、茉莉、苹果	第八单元	1
苦谏	kǔ jiàn	写	词典	苦心竭力地规劝	新华			1
苦难深重	kǔ nàn shēn zhòng	读	成语	遭受的痛苦和灾难既深又重	成语	第四章{苦难深重}的农民，怎能再忍受反动派的蹂躏。	《红岩》	1
茕茕孑立	qióng qióng jié lì	都考	课本	孤单无依靠地独自生活	课本	外无期功强近之亲，内无应门五尺之僮，{茕茕孑立}，形影相吊。	陈情表	1
荚果	jiá guǒ	写	词典	干果的一种，由一个心皮构成，成熟时裂成两片，如豆类的果实	新华	从前把它的{荚果}捣烂搓成丸子	第八单元	1
荠菜	jì cài	写	词典	一年或多年生草本植物，叶子羽状分裂，裂片有缺刻，花白色。嫩叶可以吃。全草入药	新华			1
荸荠	bí qí	都考	词典	又名马蹄	新华	桌上放着一个{荸荠}式的圆篮，檐下一个小铺盖。	祝福	1
莫春	mù chūn	读	课本	即暮春，农历三月	课本	曰：“{莫春}者，春服既成，冠者五六人，童子六七人，浴乎沂，风乎舞雩，咏而归。”	子路、曾皙、冉有、公西华侍坐	1
莳未匝	shì wèi zā	都考	课本	意思是，这块田里还没有栽插完毕	课本	唤渠朝餐歇半霎，低头折腰只不答：“秧根未牢{莳未匝}，照管鹅儿与雏鸭。”	插秧歌	1
莴苣	wō jù	写	词典	菊科。一二年生草本。茎粗而直立，叶长圆形，花黄色	新华	有几个“慈祥”的老板到小菜场去收集一些{莴苣}的菜叶，用盐一浸，这就是她们难得的佳肴。	包身工	1
蒹葭	jiān jiā	写	词典	《诗·秦风》篇名。一般认为是一首情诗，写对伊人	新华	又如“道”字，它的本义是“路”，《诗经·秦风·{蒹葭}》：“道阻且长。”	第八单元	1
蓊蓊	wěng wěng	写	词典	草木茂盛貌；密集貌	新华	荷塘四面，长着许多树，{蓊蓊}郁郁的。	荷塘月色	1
蓍草	shī cǎo	写	词典	即蓍。古代用以占卜的草；借指占卜	新华			1
蓦然	mò rán	写	词典	副词。表示受某种情景引起的行为蓦然旧事上心来｜蓦然回首	新华	直到闯进网络这个居高自远的舞台，我们才{蓦然}发现	第四单元	1
蕨类植物	jué lèi zhí wù	写	词典					1
薯莨	shǔ liáng	都考	词典	植物名	新华			1
藁葬	gǎo zàng	都考	课本	用草席裹着尸体埋葬	课本	日将暮，取儿{藁葬}。	促织	1
虑壅蔽	lǜ yōng bì	都考	课本	担心（耳目被）堵塞蒙蔽	课本	{虑壅蔽}则思虚心以纳下	谏太宗十思疏	1
虔敬	qián jìng	写	词典	诚敬;恭敬	新华	人们往往用至诚的外表和{虔敬}的行动，掩饰一颗魔鬼般的心，这样的例子是太多了。	哈姆莱特（节选）	1
虞舜	yú shùn	写	词典	上古五帝之一。姓姚，名重华，因其先国于虞，故称虞舜。为古代传说中的圣君	新华			1
虾蟆陵	há má líng	读	课本	地名，在长安城东南	课本	自言本是京城女，家在{虾蟆陵}下住。	琵琶行并序	1
蚩蚩	chī chī	都考	课本	忠厚的样子	课本	氓之{蚩蚩}，抱布贸丝。	氓	1
蚱蜢	zhà měng	写	词典			翠翠正坐在门外大石上用棕叶编{蚱蜢}	边城（节选）	1
蛇鳝	shé shàn	写	词典	亦作蛇鳝；蛇与黄鳝	新华	蟹六跪而二螯，非{蛇鳝}之穴无可寄托者，用心躁也。	劝学	1
蛩声	qióng shēng	写	词典	蟋蟀的鸣声	新华	可堪无寐枕{蛩声}”。	说“木叶”	1
蜚声	fēi shēng	写	词典					1
蜷曲	quán qū	写	词典	屈曲;拳曲	新华	而是像爪子一样{蜷曲}起来的人的手指。	老人与海（节选）	1
蝮蛇	fù shé	写	词典	亦作蝮蚮；蝮蛇科。头呈三角形，体色灰褐而有斑纹，口有毒牙	新华	{蝮蛇}在藤蔓和木材中间溜过是徒然的	自己之歌（节选）	1
蝼蛄	lóu gū	写	词典	昆虫，背部茶褐色，腹面灰黄色。前足发达，呈铲状，适于掘土，有尾须	新华			1
衣衫褴褛	yī shān lán lǚ	写	成语	褴褛破烂。衣服破破烂烂	成语	训之以若敖，蚡冒，筚路蓝缕以启山林。”杜预注蓝缕敝衣。	《左传·宣公十二年》	1
衿袖	jīn xiù	写	词典	衿与袖相连，因用以比喻亲密的友谊	新华	壁上小虫忽跃落{衿袖}间。	促织	1
裂帛	liè bó	写	词典	①裁帛写信裂帛系书，誓还汉恩。②形容声音像撕帛一样清厉四弦一声如裂帛	新华	曲终收拨当心画，四弦一声如{裂帛}。	琵琶行并序	1
装帧	zhuāng zhēn	写	词典	指图书报刊的装潢设计装帧是图书出版的重要环节	新华	为作品集拟一个恰当的书名，确定合理的分类标准，还应考虑编排方式和{装帧}设计等。	党费	1
褊小	biǎn xiǎo	都考	课本	狭小	课本	齐国虽{褊小}，吾何爱一牛？	齐桓晋文之事	1
襄陵	xiāng líng	写	词典	谓大水漫上丘陵	新华			1
西岐	xī qí	写	词典	古邑名。在今陕西省岐山县东北	新华			1
要誉	yāo yù	读	课本	博取名誉	课本	非所以{要誉}于乡党朋友也	人皆有不忍人之心	1
觇视	chān shì	都考	课本	窥视，探看	课本	忽闻门外虫鸣，惊起{觇视}，虫宛然尚在。	促织	1
角粽	jiǎo zòng	写	词典	亦作角糵。亦作角糭；即角黍。俗称粽子	新华	且知道祖孙二人所过的日子，十分拮据，节日里自己不能包粽子，又送了许多尖{角粽}子。	边城（节选）	1
言笑晏晏	yán xiào yàn yàn	写	成语	说说笑笑，和柔温顺	成语	总角之宴，{言笑晏晏}。	氓	1
言简意赅	yán jiǎn yì gāi	写	成语	赅完备。话不多，但意思都有了。形容说话写文章简明扼要	成语			1
謋然	huò rán	写	词典	迅疾裂开貌；形容迅疾理解	新华	{謋然}已解，如土委地。	庖丁解牛	1
讥诮	jī qiào	写	词典			……我没有做出什么事来该得到这样的{讥诮}——刚好相反	装在套子里的人	1
讷讷	nè nè	写	词典	说话迟钝谨慎貌；低语貌	新华	他没回答，脸涨得像个关公，{讷讷}半晌，才说清自己是天目山人。	百合花	1
诋毁	dǐ huǐ	写	词典					1
词笺	cí jiān	写	词典	见词笺	新华			1
诏使	zhào shǐ	写	词典	皇帝派出的特使	新华	{诏使}孺卿逐捕，不得	苏武传	1
诚笃	chéng dǔ	写	词典	①诚实厚道为人诚笃｜人贵朴讷诚笃。②真挚深厚感情诚笃	新华			1
诛杀	zhū shā	写	词典	杀戮	新华	沛公至军，立{诛杀}曹无伤。	鸿门宴	1
诤臣	zhèng chén	写	词典	谏诤之臣。引申指能指正先辈缺失的后辈	新华			1
说怿女美	yuè yì rǔ měi	都考	课本	喜爱你的美丽	课本	彤管有炜，{说怿女美}。	静女	1
请郡	qǐng jùn	写	词典	指古代京官请求外放，任州郡长官	新华			1
谏言	jiàn yán	写	词典			二□国家兴盛之时，居安思危，大胆{谏言}，防微杜渐；国事艰难之际，多方运筹，寻求济世安民之道。	六国论	1
谗臣	chán chén	写	词典	好谗害人之佞臣	新华			1
谛听	dì tīng	写	词典	注意地听；仔细听侧耳谛听	新华	周朴园在桌上找电报，仆人递给他；此时周冲偷偷由左书房进，在旁{谛听}。	雷雨（节选）	1
谦谦君子	qiān qiān jūn zǐ	读	成语	指谦虚而严格要求自己的人	成语	{谦谦君子}，卑以自牧也。	《易·谦》	1
谧静	mì jìng	写	词典	宁静谧静的夜晚｜北狄惧威，关塞谧静	新华	地遵循的规律在性质上则属于“方”，安{谧静}止。	天文学上的旷世之争	1
谪居	zhé jū	写	词典	谓古代官吏被贬官降职到边远外地居住	新华	我从去年辞帝京，{谪居}卧病浔阳城。	琵琶行并序	1
豁啷啷	huō lāng lāng	写	词典	见豁啷	新华	在风的怂恿下“{豁啷啷}”地歌唱。	哦，香雪	1
质疑问难	zhì yí wèn nàn	读	成语	质疑请人解答疑难；癌难对于疑问反复讨论、分析或辩论	成语	竦居贫，无宾客，时有好事者从之质疑问事，论道经书而已。	《汉书·陈遵传》	1
贵胄	guì zhòu	写	词典			书中所写的帝王{贵胄}	《红楼梦》	1
贾人	gǔ rén	读	课本	商人	课本	问其人，本长安倡女，尝学琵琶于穆、曹二善才，年长色衰，委身为{贾人}妇。	琵琶行并序	1
超今冠古	chāo jīn guàn gǔ	读	成语	冠超出众人。超越古今	成语	众美备具，名实相当，赫赫巍巍，{超今冠古}。	《贺册尊号表》	1
趑趄	zī jū	写	词典	亦作趑且。亦作趦趄；相前进又不敢前进。形容疑惧不决，犹豫观望	新华			1
跄跄	qiāng qiāng	写	词典	形容走路有节奏的样子；飞跃奔腾貌	新华	阿Q{跄跄}踉踉的跌进去	阿Q正传（节选）	1
跄踉	qiàng liàng	都考	词典	亦作跄?；形容脚步不稳的样子	新华	阿Q跄{跄踉}踉的跌进去	阿Q正传（节选）	1
蹑履	niè lǚ	写	词典	穿鞋。亦指趿拉着鞋；纳履;整理鞋子	新华	新妇识马声，{蹑履}相逢迎。	孔雀东南飞并序	1
蹑手蹑脚	niè shǒu niè jiǎo	写	成语	形容放轻脚步走的样子。也形容偷偷摸摸、鬼鬼祟祟的样子	成语	第五十四回于是大家{蹑手蹑脚}，潜踪进镜壁去一看。	《红楼梦》	1
蹙缩	cù suō	写	词典	退缩;蜷缩；皱缩	新华	柳妈的打皱的脸也笑起来，使她{蹙缩}得像一个核桃；干枯的小眼睛一看祥林嫂的额角，又钉住她的眼。	祝福	1
蹩脚	bié jiǎo	写	词典			我们也不需要这样{蹩脚}的不中用的宣传家。	反对党八股（节选）	1
车辕	chē yuán	写	词典					1
转败为胜	zhuǎn bài wéi shèng	读	成语	变失败为胜利	成语	其为政也，善因祸而为福，转败而为功。	《史记·管晏列传》	1
辇车	niǎn chē	写	词典	古代宫中用的一种便车。多用人挽拉；古代用人挽拉的辎重车	新华			1
辗转反侧	zhǎn zhuǎn fǎn cè	读	成语	辗转翻来复去；反侧反复。翻来复去，睡不着觉。形容心里有所思念或心事重重	成语	悠哉悠哉，{辗转反侧}。	《诗经·周南·关雎》	1
运筹帷幄	yùn chóu wéi wò	写	成语	筹计谋、谋划；帷幄古代军中帐幕。指拟定作战策略。引申为筹划、指挥	成语	夫{运筹帷幄}之中，决胜千里之外，吾不如子房。	《史记·高祖本纪》	1
远戍	yuǎn shù	写	词典	谓戍守边疆；边境的军营、城堡	新华	铁衣{远戍}辛勤久，玉箸应啼别离后。	燕歌行并序	1
迥然不同	jiǒng rán bù tóng	写	成语	迥然相距很远或差别很大的样子。形容相差得远，很明显不一样	成语	卷上文章古今{迥然不同}，钟嵘《诗品》以古诗第一，子建次之，此论诚然。	《岁寒堂诗话》	1
迸射	bèng shè	写	词典	指急速连射的箭；喷射;由内而外地强烈放射出	新华			1
迸涌	bèng yǒng	写	词典	急遽涌出，喷涌	新华	我从来还没有听到过爱情或是醇酒的颂歌能够{迸涌}出这样神圣的极乐音流。	致云雀	1
逋慢	bū màn	都考	课本	有意拖延，怠慢上命	课本	诏书切峻，责臣{逋慢}；郡县逼迫，催臣上道；州司临门，急于星火。	陈情表	1
逍遥自在	xiāo yáo zì zài	写	成语	无拘无束，安闲自得	成语	便事事{逍遥自在}了。	祝福	1
通衢	tōng qú	写	词典	四通八达的大道通衢大┑溃宛辔憩通衢	新华	从“九省{通衢}”武汉看神州大地	在民族复兴的历史丰碑上	1
造诣	zào yì	写	词典	学业、技艺所达到的水平全系唯他书法、绘画造诣均深	新华	今天的“匠”，已成为心思巧妙、技艺精湛、{造诣}高深的代名词。	以工匠精神雕琢时代品质	1
逡巡	qūn xún	都考	课本	有所顾虑而徘徊不敢前进	课本	秦人开关延敌，九国之师，{逡巡}而不敢进。	过秦论	1
遐思	xiá sī	写	词典	悠远地思索或想象；深长的思念	新华	2. 游览胜迹，登临高山，常常能引发文人墨客的{遐思}，从而催生许多优秀的文学作品。	登泰山记	1
遗施	wèi shī	读	课本	赠送，施与	课本	人贱物亦鄙，不足迎后人，留待作{遗施}，于今无会因。	孔雀东南飞并序	1
遨游	áo yóu	写	词典			挟飞仙以{遨游}，抱明月而长终。	赤壁赋	1
遭谗	zāo chán	写	词典	受到谗害	新华			1
邪佞	xié nìng	写	词典	奸邪，伪善；奸邪小人	新华			1
邯郸记	hán dān jì	写	词典	传奇剧本。明代汤显祖作。取材于唐代沈既济传奇小说《枕中记》	新华			1
酋长	qiú zhǎng	写	词典	盗贼的首领；部落的首领	新华	这就是历史上祭司之类的人在一定程度上能控制{酋长}的原因。	第四单元	1
里应外合	lǐ yìng wài hé	读	成语	应接应；合配合。外面攻打，里面接应	成语	第三折反被韩，魏同谋，{里应外合}，决水淹我军，甲士溃乱，死者山积。	《豫让吞炭》	1
重念	chóng niàn	读	课本	又考虑到	课本	{重念}蒙君实视遇厚，于反覆不宜卤莽，故今具道所以，冀君实或见恕也。	答司马谏议书	1
重起炉灶	chóng qǐ lú zào	读	成语	指事情遭受挫折后，再从头做起	成语	每遭一次顿挫，总要使前功尽弃，又来{重起炉灶}。	《北伐途次》	1
重蹈覆辙	chóng dǎo fù zhé	读	成语	蹈踏；覆翻；辙车轮辗过的痕迹。重新走上翻过车的老路	成语	今不想前事之失，复循覆车之轨。	《后汉书·窦武传》	1
钓叟	diào sǒu	写	词典	钓翁；渔翁	新华	羌管弄晴，菱歌泛夜，嬉嬉{钓叟}莲娃。	望海潮	1
钟磬	zhōng qìng	写	词典	钟和磬，古代礼乐器；佛教法器	新华	今以{钟磬}置水中，虽大风浪不能鸣也，而况石乎！	石钟山记	1
钟馗	zhōng kuí	写	词典			挂蒲剑、贴{钟馗}图	第四单元	1
钦差大臣	qīn chāi dà chén	读	成语	过去指由皇帝派遣并代表皇帝外出办理重大事件的官员	成语	三品以上用{钦差大臣}关防，四品以下用钦差官员关防。	《茶余客话·钦差官使》	1
钲鼓	zhēng gǔ	写	词典	钲和鼓。古代行军或歌舞时用以指挥进退、动静的两种乐器；并称以言兵事	新华			1
钿头银篦	diàn tóu yín bì	都考	课本	上端镶着花钿的银质发篦	课本	{钿头银篦}击节碎，血色罗裙翻酒污。	琵琶行并序	1
铆钉	mǎo dīng	写	词典	铆接用的金属元件。圆柱形，一头有帽	新华	我的指关节{铆钉}一样揳入巨石的罅隙。	致云雀	1
铮铮	zhēng zhēng	写	词典	象声词。常形容金、玉等物的撞击声；比喻坚贞、刚强	新华	明年秋，送客湓浦口，闻舟中夜弹琵琶者，听其音，{铮铮}然有京都声。	琵琶行并序	1
铺天盖地	pū tiān gài dì	读	成语	一下子到处都是。形容来势很猛	成语	风雪{铺天盖地}而来。	县委书记的榜样——焦裕禄	1
铿尔	kēng ěr	都考	课本	铿的一声，指止瑟声	课本	鼓瑟希，{铿尔}，舍瑟而作，对曰：“异乎三子者之撰。”	子路、曾皙、冉有、公西华侍坐	1
铿锵有力	kēng qiāng yǒu lì	写	成语	形容声音响亮而有劲。铿镪有节奏而响亮的声音	成语	诗我们的总理，回答得最为{铿锵有力}；不用语言，而用电闪雷鸣般的一生的经历。	《痛悼敬爱的周总理》	1
锱铢	zī zhū	写	词典	锱和铢。比喻微小的数量；比喻微利，极少的钱	新华	奈何取之尽{锱铢}，用之如泥沙？	阿房宫赋	1
锲而不舍	qiè ér bù shě	写	成语	锲镂刻；舍停止。不断地镂刻。比喻有恒心，有毅力	成语	锲而舍之，朽木不折；{锲而不舍}，金石可镂。	劝学	1
镂刻	lòu kè	写	词典					1
镂空	lòu kōng	写	词典	在物体上雕刻出穿透物体的花纹或文字～的象牙球	新华	或{镂空}棕榈树根株	边城（节选）	1
镯子	zhuó zi	写	词典			杀鸡，宰鹅，买猪肉，用心细细的洗，女人的臂膊都在水里浸得通红，有的还带着绞丝银{镯子}。	祝福	1
长歌当哭	cháng gē dàng kū	读	成语	长歌长声歌咏，也指写诗；当当作	成语	悲歌可以当泣，远望可以当归。	《乐府诗集·杂曲歌辞·悲歌》	1
门衰祚薄	mén shuāi zuò báo	都考	课本	家门衰微，福分浅薄	课本	既无伯叔，终鲜兄弟，{门衰祚薄}，晚有儿息。	陈情表	1
门闩	mén shuān	写	词典			我们所习见的{门闩}、棍子、桅杆等，就都是这个样子，这里带着“木”字的更为普遍的性格。	说“木叶”	1
问谏	wèn jiàn	写	词典	谓参与谋议	新华			1
阿弥陀佛	ē mí tuó fó	都考	成语	佛教语，信佛的人用作口头诵颂的佛号，表示祈祷祝福或感谢神灵的意思	成语	第四折张寿友曰‘{阿弥陀佛}，这个是谁？’卜儿云‘这便是媳妇儿。’	《合汗衫》	1
阿缟	ē gǎo	都考	课本	古代齐国东阿所产的细绢	课本	傅玑之珥、{阿缟}之衣	谏逐客书	1
陇右	lǒng yòu	写	词典	古地区名。泛指陇山以西地区。古代以西为右，故名	新华			1
陇首	lǒng shǒu	写	词典	古山名；指陇山之巅	新华	例如：“亭皋木叶下，{陇首}秋云飞。”	说“木叶”	1
陛辞	bì cí	写	词典	指朝官离开朝廷，上殿辞别皇帝；面见皇帝辞官	新华			1
陶埏	táo shān	写	词典	谓陶人把陶土放入模型中制成陶器。比喻造就培育	新华			1
隋炀帝	suí yáng dì	写	词典					1
隳名	huī míng	写	词典	谓隐姓埋名	新华	以愚黔首；{隳名}城，杀豪杰	过秦论	1
雄赳赳	xióng jiū jiū	写	词典	亦作雄纠纠；威武貌	新华	松二爷文绉绉的，提着小黄鸟笼；常四爷{雄赳赳}的，提着大而高的画眉笼。	茶馆（节选）	1
雨雪	yù xuě	读	课本	下雪	课本	天{雨雪}，武卧啮雪，与旃毛并咽之，数日不死。	苏武传	1
霓虹	ní hóng	写	词典	彩虹；指霓虹灯	新华	从{霓虹}似的彩霞也降不下这样美的雨，能和你出现时降下的乐曲甘霖相比。	致云雀	1
霓裳羽衣	ní cháng yǔ yī	都考	词典	即《霓裳羽衣曲》；仙道的衣服	新华			1
霭霭	ǎi ǎi	写	词典	云烟密集貌；昏暗貌	新华	陶渊明《停云》：“{霭霭}停云，濛濛时雨。	说“木叶”	1
青荇	qīng xìng	写	词典	即荇菜	新华	软泥上的{青荇}，油油的在水底招摇:在康河的柔波里，我甘心做一条水草！	再别康桥	1
青衿	qīng jīn	写	词典	古代学生穿的衣服，衣领青色，因以称读书人育青衿而敷典式	新华			1
青雘	qīng wò	写	词典	亦作青?。亦作青癯；一种青色矿物颜料。一般认为即今石青、白青之属	新华			1
靛蓝	diàn lán	写	词典			放在水里立即变成{靛蓝}的颜色。	一个消逝了的山村	1
靡有朝矣	mí yǒu zhāo yǐ	读	课本	没有一天不是如此	课本	夙兴夜寐，{靡有朝矣}。	氓	1
鞠躬尽瘁	jū gōng jìn cuì	都考	成语	指恭敬谨慎，竭尽心力	成语	祖妣夫人与显考{鞠躬尽瘁}，誓勿蹶其门。	《先府君蓉峰处士阡表》	1
鞭挞	biān tà	写	词典			谁愿意忍受人世的{鞭挞}和讥嘲	哈姆莱特（节选）	1
颍阳	yǐng yáng	写	词典	颍水之北。传说古高士巢父、许由隐居于此，后因以借指巢许	新华			1
颛臾	zhuān yú	写	词典	古国名。故址在今山东省费县西北	新华			1
颠来倒去	diān lái dǎo qù	读	成语	翻过来倒过去，来回重复	成语	第三本第二折将简帖儿掂，将妆盒儿按，开拆封皮孜孜看，{颠来倒去}不害心烦。	《西厢记》	1
飓风	jù fēng	写	词典			使人想到海上的{飓风}，寒带的雪潮，自己一点也不能做主。	一个消逝了的山村	1
飞湍	fēi tuān	写	词典	急流	课本	{飞湍}瀑流争喧豗，砯崖转石万壑雷。	蜀道难	1
飧饔	sūn yōng	写	词典	亦作飱饔；古时招待宾客的两种礼宴	新华	吾小人辍{飧饔}以劳吏者，且不得暇，又何以蕃吾生而安吾性耶？	种树郭橐驼传	1
飨士	xiǎng shì	写	词典	以酒食款待士兵;犒劳士卒	新华	项羽大怒，曰：“旦日{飨士}卒，为击破沛公军！”	鸿门宴	1
香蕙	xiāng huì	写	词典	即蕙草	新华			1
马鬃	mǎ zōng	写	词典	亦作马鬃。亦作马體；马颈上的长毛	新华			1
骈体	pián tǐ	写	词典	即骈文	新华			1
骈偶	pián ǒu	写	词典	指对偶	新华			1
骈文	pián wén	写	词典	文体名。与散文相对。源于汉、魏，形成于南北朝	新华			1
骷髅	kū lóu	写	词典	无皮肉毛发的全副死人骨骼或头骨；泛指尸骨	新华	{骷髅}一样，摸着她的骨头会做噩梦！”	包身工	1
髭须	zī xū	写	词典	亦作髭?；胡子。唇上曰髭，唇下为须	新华	李小二道：“五短身材，白净面皮，没甚{髭须}，约有三十余岁。	林教头风雪山神庙	1
鬈发	quán fà	都考	词典	鬈曲的头发	新华	乌黑的{鬈发}也像前天那样一圈圈飘在额上	复活（节选）	1
鬻技	yù jì	写	词典	亦作鬻伎；出卖技术	新华	今一朝而{鬻技}百金，请与之。’	五石之瓠	1
鲑珍	guī zhēn	写	词典	精美的鱼类食品。泛指各种海味珍羞	新华	杂彩三百匹，交广市{鲑珍}。	孔雀东南飞并序	1
鲛人	jiāo rén	写	词典	神话传说中的人鱼；捕鱼者，渔夫	新华			1
鲰生	zōu shēng	都考	课本	浅陋无知的小人	课本	曰：“{鲰生}说我曰：‘距关，毋内诸侯，秦地可尽王也。’	鸿门宴	1
鸾鸟	luán niǎo	写	词典	传说中的神鸟、瑞鸟	新华			1
鹄的	gǔ dì	都考	词典					1
黍子	shǔ zi	写	词典	黍的子实。通称黄米	新华			1
黏土	nián tǔ	写	词典					1
黏液	nián yè	写	词典	植物和动物体内分泌出来的黏稠液体	新华	赶上饥饿的时候，它们还会在水里袭击人，即使人身上没有鱼血或者{黏液}的腥味。	老人与海（节选）	1
鼎铛玉石	dǐng chēng yù shí	读	成语	视鼎如铛，视玉如石。形容生活极端奢侈	成语	{鼎铛玉石}，金块珠砾，弃掷逦迤，秦人视之，亦不甚惜。	阿房宫赋	1
鼓槌	gǔ chuí	写	词典	击鼓的棒	新华			1
